,bid,ask,mid_price,spread,spread_bps,mid_return,bid_change,ask_change,volatility_60s,bid_down,bid_up,ask_down,ask_up,mid_price_down,mid_price_up,spread_down,spread_up,price_difference,combined_spread,up_price_deviation
bid,1.0,0.9999192395627562,0.9999798096868646,-0.006354543148166,-0.8278297863291125,0.03570984888258078,0.08226210666291858,0.07931666038854304,-0.5498198342207058,0.0009150301938878488,0.00020390453679199313,-0.0002039045367920597,-0.0009150301938878784,0.0003597507310852257,-0.00035975073108520766,-0.006354543148166865,-0.006354543148166869,-0.0003597507310852162,-0.006354543148166869,-0.0003597507310852111
ask,0.9999192395627562,1.0,0.9999798096868648,0.006354543148167911,-0.8227907846643516,0.034061685087249584,0.07931666038854299,0.08226210666291861,-0.5496700303405715,-0.0009150301938883253,-0.0002039045367915779,0.00020390453679152272,0.0009150301938883057,-0.0003597507310856514,0.00035975073108562665,0.006354543148167058,0.0063545431481670505,0.0003597507310856265,0.006354543148167059,0.0003597507310856335
mid_price,0.9999798096868646,0.9999798096868648,1.0,7.356504800045979e-16,-0.8253269491062732,0.0348864745390735,0.08079102209839781,0.08079102209839782,-0.5497564558496576,2.4034918387985715e-16,-2.4417370000862033e-16,1.784933749839598e-16,-2.7005526278635607e-16,2.4521550846889517e-16,-2.6069133167004374e-16,-1.1984281002581173e-16,-1.1861365299990604e-16,-2.661405651915741e-16,-1.1308244638333005e-16,-2.5567803683023466e-16
spread,-0.006354543148166,0.006354543148167911,7.356504800045979e-16,1.0,0.3964881146660212,-0.12939165763567864,-0.23123683276984816,0.23123683276984838,0.011568365725148468,-0.143996220114134,-0.03208799311567785,0.03208799311567815,0.14399622011413415,-0.05661315419493827,0.05661315419493508,0.9999999999999998,1.0,0.05661315419493543,1.0,0.05661315419493563
spread_bps,-0.8278297863291125,-0.8227907846643516,-0.8253269491062732,0.3964881146660212,1.0,-0.16549594730102019,-0.23636075656539762,-0.061296008866688595,0.5205513500177052,0.12191678189395472,-0.1935241701821512,0.1935241701821516,-0.12191678189395477,0.15815825066363545,-0.1581582506636367,0.39648811466602213,0.3964881146660224,-0.1581582506636365,0.39648811466602224,-0.15815825066363637
mid_return,0.03570984888258078,0.034061685087249584,0.0348864745390735,-0.12939165763567864,-0.16549594730102019,1.0,0.7238095008565169,0.6916955077858551,-0.1192701502190052,-0.010050757123220363,0.03367265551683803,-0.03367265551683847,0.010050757123221203,-0.021876034339630594,0.021876034339631284,-0.12939165763567864,-0.12939165763567878,0.02187603433963167,-0.12939165763567864,0.021876034339631607
bid_change,0.08226210666291858,0.07931666038854299,0.08079102209839781,-0.23123683276984816,-0.23636075656539762,0.7238095008565169,1.0,0.6585365853658538,-0.09936113407646634,0.038499573070553295,0.0029990733019020347,-0.0029990733019019796,-0.03849957307055357,0.017953879852533806,-0.01795387985253388,-0.2312368327698483,-0.2312368327698482,-0.01795387985253384,-0.23123683276984816,-0.017953879852533845
ask_change,0.07931666038854304,0.08226210666291861,0.08079102209839782,0.23123683276984838,-0.061296008866688595,0.6916955077858551,0.6585365853658538,1.0,-0.16328237215469502,-0.038499573070553295,-0.002999073301902008,0.0029990733019020404,0.038499573070553496,-0.017953879852533865,0.017953879852533838,0.23123683276984844,0.23123683276984822,0.017953879852533834,0.2312368327698483,0.01795387985253383
volatility_60s,-0.5498198342207058,-0.5496700303405715,-0.5497564558496576,0.011568365725148468,0.5205513500177052,-0.1192701502190052,-0.09936113407646634,-0.16328237215469502,1.0,0.23039961496805628,-0.23669892506237097,0.23669892506237097,-0.23039961496805533,0.23470541071994547,-0.2347054107199446,0.011568365725148678,0.011568365725149,-0.23470541071994416,0.01156836572514885,-0.2347054107199441
bid_down,0.0009150301938878488,-0.0009150301938883253,2.4034918387985715e-16,-0.143996220114134,0.12191678189395472,-0.010050757123220363,0.038499573070553295,-0.038499573070553295,0.23039961496805628,1.0,-0.9844481024831434,0.9844481024831437,-0.9999999999999998,0.9961432217605144,-0.996143221760515,-0.14399622011413427,-0.14399622011413296,-0.9961432217605142,-0.14399622011413385,-0.9961432217605142
bid_up,0.00020390453679199313,-0.0002039045367915779,-2.4417370000862033e-16,-0.03208799311567785,-0.1935241701821512,0.03367265551683803,0.0029990733019020347,-0.002999073301902008,-0.23669892506237097,-0.9844481024831434,1.0,-1.0,0.984448102483144,-0.9960654604264974,0.9960654604264961,-0.03208799311567743,-0.03208799311567893,0.9960654604264958,-0.03208799311567801,0.9960654604264954
ask_down,-0.0002039045367920597,0.00020390453679152272,1.784933749839598e-16,0.03208799311567815,0.1935241701821516,-0.03367265551683847,-0.0029990733019019796,0.0029990733019020404,0.23669892506237097,0.9844481024831437,-1.0,1.0,-0.984448102483144,0.9960654604264968,-0.996065460426496,0.032087993115677685,0.03208799311567917,-0.9960654604264952,0.03208799311567831,-0.9960654604264952
ask_up,-0.0009150301938878784,0.0009150301938883057,-2.7005526278635607e-16,0.14399622011413415,-0.12191678189395477,0.010050757123221203,-0.03849957307055357,0.038499573070553496,-0.23039961496805533,-0.9999999999999998,0.984448102483144,-0.984448102483144,1.0,-0.9961432217605154,0.9961432217605147,0.14399622011413452,0.1439962201141333,0.9961432217605134,0.14399622011413404,0.9961432217605134
mid_price_down,0.0003597507310852257,-0.0003597507310856514,2.4521550846889517e-16,-0.05661315419493827,0.15815825066363545,-0.021876034339630594,0.017953879852533806,-0.017953879852533865,0.23470541071994547,0.9961432217605144,-0.9960654604264974,0.9960654604264968,-0.9961432217605154,1.0,-0.9999999999999994,-0.05661315419493853,-0.05661315419493728,-1.0,-0.05661315419493801,-1.0
mid_price_up,-0.00035975073108520766,0.00035975073108562665,-2.6069133167004374e-16,0.05661315419493508,-0.1581582506636367,0.021876034339631284,-0.01795387985253388,0.017953879852533838,-0.2347054107199446,-0.996143221760515,0.9960654604264961,-0.996065460426496,0.9961432217605147,-0.9999999999999994,1.0,0.05661315419493542,0.056613154194934276,0.9999999999999998,0.05661315419493507,0.9999999999999998
spread_down,-0.006354543148166865,0.006354543148167058,-1.1984281002581173e-16,0.9999999999999998,0.39648811466602213,-0.12939165763567864,-0.2312368327698483,0.23123683276984844,0.011568365725148678,-0.14399622011413427,-0.03208799311567743,0.032087993115677685,0.14399622011413452,-0.05661315419493853,0.05661315419493542,1.0,1.0,0.056613154194935886,1.0,0.0566131541949361
spread_up,-0.006354543148166869,0.0063545431481670505,-1.1861365299990604e-16,1.0,0.3964881146660224,-0.12939165763567878,-0.2312368327698482,0.23123683276984822,0.011568365725149,-0.14399622011413296,-0.03208799311567893,0.03208799311567917,0.1439962201141333,-0.05661315419493728,0.056613154194934276,1.0,1.0,0.056613154194934526,1.0,0.05661315419493474
price_difference,-0.0003597507310852162,0.0003597507310856265,-2.661405651915741e-16,0.05661315419493543,-0.1581582506636365,0.02187603433963167,-0.01795387985253384,0.017953879852533834,-0.23470541071994416,-0.9961432217605142,0.9960654604264958,-0.9960654604264952,0.9961432217605134,-1.0,0.9999999999999998,0.056613154194935886,0.056613154194934526,1.0,0.0566131541949353,0.9999999999999998
combined_spread,-0.006354543148166869,0.006354543148167059,-1.1308244638333005e-16,1.0,0.39648811466602224,-0.12939165763567864,-0.23123683276984816,0.2312368327698483,0.01156836572514885,-0.14399622011413385,-0.03208799311567801,0.03208799311567831,0.14399622011413404,-0.05661315419493801,0.05661315419493507,1.0,1.0,0.0566131541949353,1.0,0.05661315419493549
up_price_deviation,-0.0003597507310852111,0.0003597507310856335,-2.5567803683023466e-16,0.05661315419493563,-0.15815825066363637,0.021876034339631607,-0.017953879852533845,0.01795387985253383,-0.2347054107199441,-0.9961432217605142,0.9960654604264954,-0.9960654604264952,0.9961432217605134,-1.0,0.9999999999999998,0.0566131541949361,0.05661315419493474,0.9999999999999998,0.05661315419493549,1.0
