timestamp,equity,position,price
2026-09-27 08:56:16.146000+00:00,10000.0,0.0,0.9995992786855731
2026-09-27 08:56:16.155000+00:00,10000.0,0.0,0.9995992786855731
2026-09-27 08:56:16.164000+00:00,10000.0,0.0,0.9995992786855731
2026-09-27 08:56:16.180000+00:00,10000.0,0.0,0.9995992786855731
2026-09-27 08:56:16.186000+00:00,10000.0,0.0,0.9995992786855731
2026-09-27 08:56:16.191000+00:00,10000.0,0.0,0.9995992786855731
2026-09-27 08:56:16.192000+00:00,10000.0,0.0,0.9995992786855731
2026-09-27 08:56:16.201000+00:00,10000.0,0.0,0.9995992786855731
2026-09-27 08:56:16.202000+00:00,10000.0,0.0,0.9995992786855731
2026-09-27 08:56:16.233000+00:00,10000.0,0.0,0.9995992786855731
2026-09-27 08:56:16.265000+00:00,10000.0,0.0,0.9995992786855731
2026-09-27 08:56:16.273000+00:00,10000.0,0.0,0.9995992786855731
2026-09-27 08:56:16.309000+00:00,10000.0,0.0,0.9995992786855731
2026-09-27 08:56:17.473000+00:00,10000.0,0.0,0.9995992786855731
2026-09-27 08:56:17.473000+00:00,10000.0,0.0,0.9995992786855731
2026-09-27 08:56:25.964000+00:00,10000.0,0.0,0.9995992786855731
2026-09-27 08:56:26.013000+00:00,10000.0,0.0,0.9995992786855731
2026-09-27 08:56:36.815000+00:00,10000.0,0.0,0.9995992786855731
2026-09-27 08:56:40.160000+00:00,10000.0,0.0,0.9995992786855731
2026-09-27 08:56:42.782000+00:00,10000.0,0.0,0.9995992786855731
2026-09-27 08:56:44.014000+00:00,10000.0,0.0,0.9995992786855731
2026-09-27 08:56:47.817000+00:00,10000.0,0.0,0.9995992786855731
2026-09-27 08:56:47.817000+00:00,10000.0,0.0,0.9995992786855731
2026-09-27 08:57:07.939000+00:00,10000.0,0.0,0.9995992786855731
2026-09-27 08:57:07.948000+00:00,10000.0,0.0,0.9995992786855731
2026-09-27 08:57:16.285000+00:00,10000.0,0.0,0.9995992786855731
2026-09-27 08:57:16.561000+00:00,10000.0,0.0,0.9995992786855731
2026-09-27 08:57:16.562000+00:00,10000.0,0.0,0.9995992786855731
2026-09-27 08:57:16.658000+00:00,10000.0,0.0,0.9995992786855731
2026-09-27 08:57:16.672000+00:00,10000.0,0.0,0.9995992786855731
2026-09-27 08:57:16.730000+00:00,10000.0,0.0,0.9995992786855731
2026-09-27 08:57:16.730000+00:00,10000.0,0.0,0.9995992786855731
2026-09-27 08:57:16.763000+00:00,10000.0,0.0,0.9995992786855731
2026-09-27 08:57:16.770000+00:00,10000.0,0.0,0.9995992786855731
2026-09-27 08:57:16.807000+00:00,10000.0,0.0,0.9995992786855731
2026-09-27 08:57:16.807000+00:00,10000.0,0.0,0.9995992786855731
2026-09-27 08:57:17.895000+00:00,10000.0,0.0,0.9995992786855731
2026-09-27 08:57:20.758000+00:00,10000.0,0.0,0.9995992786855731
2026-09-27 08:57:20.806000+00:00,10000.0,0.0,0.9995992786855731
2026-09-27 08:57:22.254000+00:00,10000.0,0.0,0.9995992786855731
2026-09-27 08:57:22.254000+00:00,10000.0,0.0,0.9995992786855731
2026-09-27 08:57:32+00:00,10000.0,0.0,0.9995992786855731
2026-09-27 08:57:48.002000+00:00,10000.0,0.0,0.9995992786855731
2026-09-27 08:57:49.252000+00:00,10000.0,0.0,0.9995992786855731
2026-09-27 08:57:49.999000+00:00,10000.0,0.0,0.9995992786855731
2026-09-27 08:57:51.917000+00:00,10000.0,0.0,0.9995992786855731
2026-09-27 08:57:52.971000+00:00,10000.0,0.0,0.9995992786855731
2026-09-27 08:57:57.917000+00:00,10000.0,0.0,0.9995992786855731
2026-09-27 08:57:59.887000+00:00,10000.0,0.0,0.9995992786855731
2026-09-27 08:57:59.887000+00:00,10000.0,0.0,0.9995992786855731
2026-09-27 08:58:00.118000+00:00,10000.0,0.0,0.9995992786855731
2026-09-27 08:58:00.146000+00:00,10000.0,0.0,0.9995992786855731
2026-09-27 08:58:00.155000+00:00,10000.0,0.0,0.9995992786855731
2026-09-27 08:58:00.200000+00:00,10000.0,0.0,0.9995992786855731
2026-09-27 08:58:00.202000+00:00,10000.0,0.0,0.9995992786855731
2026-09-27 08:58:00.250000+00:00,10000.0,0.0,0.9995992786855731
2026-09-27 08:58:01.158000+00:00,10000.0,0.0,0.9995992786855731
2026-09-27 08:58:01.476000+00:00,10000.0,0.0,0.9995992786855731
2026-09-27 08:58:04.332000+00:00,10000.0,0.0,0.9995992786855731
2026-09-27 08:58:05.111000+00:00,10000.0,0.0,0.9995992786855731
2026-09-27 08:58:05.111000+00:00,10000.0,0.0,0.9995992786855731
2026-09-27 08:58:06+00:00,10000.0,0.0,0.9995992786855731
2026-09-27 08:58:08.332000+00:00,10000.0,0.0,0.9995992786855731
2026-09-27 08:58:09.077000+00:00,10000.0,0.0,0.9995992786855731
2026-09-27 08:58:12.429000+00:00,10000.0,0.0,0.9995992786855731
2026-09-27 08:58:12.429000+00:00,10000.0,0.0,0.9995992786855731
2026-09-27 08:58:15.823000+00:00,10000.0,0.0,0.9995992786855731
2026-09-27 08:58:16.592000+00:00,10000.0,0.0,0.9995992786855731
2026-09-27 08:58:16.665000+00:00,10000.0,0.0,0.9995992786855731
2026-09-27 08:58:16.665000+00:00,10000.0,0.0,0.9995992786855731
2026-09-27 08:58:17.939000+00:00,10000.0,0.0,0.9995992786855731
2026-09-27 08:58:18.311000+00:00,10000.0,0.0,0.9995992786855731
2026-09-27 08:58:21.381000+00:00,10000.0,0.0,0.9995992786855731
2026-09-27 08:58:21.381000+00:00,10000.0,0.0,0.9995992786855731
2026-09-27 08:58:23.443000+00:00,10000.0,0.0,0.9995992786855731
2026-09-27 08:58:24.217000+00:00,10000.0,0.0,0.9995992786855731
2026-09-27 08:58:28+00:00,10000.0,0.0,0.9995992786855731
2026-09-27 08:58:30.501000+00:00,10000.0,0.0,0.9995992786855731
2026-09-27 08:58:31.584000+00:00,10000.0,0.0,0.9995992786855731
2026-09-27 08:58:32.235000+00:00,10000.0,0.0,0.9995992786855731
2026-09-27 08:58:32.297000+00:00,10000.0,0.0,0.9995992786855731
2026-09-27 08:58:32.973000+00:00,10000.0,0.0,0.9995992786855731
2026-09-27 08:58:35.135000+00:00,10000.0,0.0,0.9995992786855731
2026-09-27 08:58:36.069000+00:00,10000.0,0.0,0.9995992786855731
2026-09-27 08:58:36.069000+00:00,10000.0,0.0,0.9995992786855731
2026-09-27 08:58:38.332000+00:00,10000.0,0.0,0.9995992786855731
2026-09-27 08:58:38.332000+00:00,10000.0,0.0,0.9995992786855731
2026-09-27 08:58:39.858000+00:00,10000.0,0.0,0.9995992786855731
2026-09-27 08:58:47.390000+00:00,10000.0,0.0,0.9995992786855731
2026-09-27 08:58:51.043000+00:00,10000.0,0.0,0.9995992786855731
2026-09-27 08:58:51.043000+00:00,10000.0,0.0,0.9995992786855731
2026-09-27 08:58:51.043000+00:00,10000.0,0.0,0.9995992786855731
2026-09-27 08:58:51.400000+00:00,10000.0,0.0,0.9995992786855731
2026-09-27 08:58:51.425000+00:00,10000.0,0.0,0.9995992786855731
2026-09-27 08:58:54+00:00,10000.0,0.0,0.9995992786855731
2026-09-27 08:59:01.050000+00:00,10000.0,0.0,0.9995992786855731
2026-09-27 08:59:04.099000+00:00,10000.0,0.0,0.9995992786855731
2026-09-27 08:59:05.682000+00:00,10000.0,0.0,0.9995992786855731
2026-09-27 08:59:05.856000+00:00,10000.0,0.0,0.9995992786855731
2026-09-27 08:59:10.720000+00:00,10000.0,0.0,0.9995992786855731
2026-09-27 08:59:12.943000+00:00,10000.0,0.0,0.9995992786855731
2026-09-27 08:59:12.944000+00:00,10000.0,0.0,0.9995992786855731
2026-09-27 08:59:13.115000+00:00,10000.0,0.0,0.9995992786855731
2026-09-27 08:59:13.253000+00:00,10000.0,0.0,0.9995992786855731
2026-09-27 08:59:14.088000+00:00,10000.0,0.0,0.9995992786855731
2026-09-27 08:59:17.977000+00:00,10000.0,0.0,0.9995992786855731
2026-09-27 08:59:19.045000+00:00,10000.0,0.0,0.9995992786855731
2026-09-27 08:59:19.745000+00:00,10000.0,0.0,0.9995992786855731
2026-09-27 08:59:24.281000+00:00,10000.0,0.0,0.9995992786855731
2026-09-27 08:59:24.281000+00:00,10000.0,0.0,0.9995992786855731
2026-09-27 08:59:24.367000+00:00,10000.0,0.0,0.9995992786855731
2026-09-27 08:59:25.906000+00:00,10000.0,0.0,0.9995992786855731
2026-09-27 08:59:25.906000+00:00,10000.0,0.0,0.9995992786855731
2026-09-27 08:59:30.102000+00:00,10000.0,0.0,0.9995992786855731
2026-09-27 08:59:30.122000+00:00,10000.0,0.0,0.9995992786855731
2026-09-27 08:59:38.752000+00:00,10000.0,0.0,0.9995992786855731
2026-09-27 08:59:39.059000+00:00,10000.0,0.0,0.9995992786855731
2026-09-27 08:59:47.076000+00:00,10000.0,0.0,0.9995992786855731
2026-09-27 08:59:47.179000+00:00,10000.0,0.0,0.9995992786855731
2026-09-27 08:59:49.019000+00:00,10000.0,0.0,0.9995992786855731
2026-09-27 08:59:57.811000+00:00,10000.0,0.0,0.9995992786855731
2026-09-27 08:59:58.922000+00:00,10000.0,0.0,0.9995992786855731
2026-09-27 08:59:59.173000+00:00,10000.0,0.0,0.9995992786855731
2026-09-27 09:00:03.712000+00:00,10000.0,0.0,0.9995992786855731
2026-09-27 09:00:03.712000+00:00,10000.0,0.0,0.9995992786855731
2026-09-27 09:00:11.676000+00:00,10000.0,0.0,0.9995992786855731
2026-09-27 09:00:11.687000+00:00,10000.0,0.0,0.9995992786855731
2026-09-27 09:00:18.143000+00:00,10000.0,0.0,0.9995992786855731
2026-09-27 09:00:18.149000+00:00,10000.0,0.0,0.9995992786855731
2026-09-27 09:00:25.966000+00:00,10000.0,0.0,0.9995992786855731
2026-09-27 09:00:25.991000+00:00,10000.0,0.0,0.9995992786855731
2026-09-27 09:00:32.412000+00:00,10000.0,0.0,0.9995992786855731
2026-09-27 09:00:32.417000+00:00,10000.0,0.0,0.9995992786855731
2026-09-27 09:00:39+00:00,10000.0,0.0,0.9995992786855731
2026-09-27 09:00:39.439000+00:00,10000.0,0.0,0.9995992786855731
2026-09-27 09:00:39.498000+00:00,10000.0,0.0,0.9995992786855731
2026-09-27 09:00:41.790000+00:00,10000.0,0.0,0.9995992786855731
2026-09-27 09:00:44.326000+00:00,10000.0,0.0,0.9995992786855731
2026-09-27 09:00:44.369000+00:00,10000.0,0.0,0.9995992786855731
2026-09-27 09:00:44.399000+00:00,10000.0,0.0,0.9995992786855731
2026-09-27 09:00:44.430000+00:00,10000.0,0.0,0.9995992786855731
2026-09-27 09:00:44.432000+00:00,10000.0,0.0,0.9995992786855731
2026-09-27 09:00:44.434000+00:00,10000.0,0.0,0.9995992786855731
2026-09-27 09:00:44.462000+00:00,10000.0,0.0,0.9995992786855731
2026-09-27 09:00:44.473000+00:00,10000.0,0.0,0.9995992786855731
2026-09-27 09:00:44.474000+00:00,10000.0,0.0,0.9995992786855731
2026-09-27 09:00:45+00:00,10000.0,0.0,0.9995992786855731
2026-09-27 09:00:45.001000+00:00,10000.0,0.0,0.9995992786855731
2026-09-27 09:00:45.002000+00:00,10000.0,0.0,0.9995992786855731
2026-09-27 09:00:45.003000+00:00,10000.0,0.0,0.9995992786855731
2026-09-27 09:00:53.267000+00:00,10000.0,0.0,0.9995992786855731
2026-09-27 09:00:54+00:00,10000.0,0.0,0.9995992786855731
2026-09-27 09:00:54.445000+00:00,10000.0,0.0,0.9995992786855731
2026-09-27 09:00:56.497000+00:00,10000.0,0.0,0.9995992786855731
2026-09-27 09:00:58.233000+00:00,10000.0,0.0,0.9995992786855731
2026-09-27 09:00:58.857000+00:00,10000.0,0.0,0.9995992786855731
2026-09-27 09:00:58.880000+00:00,10000.0,0.0,0.9995992786855731
2026-09-27 09:00:59.658000+00:00,10000.0,0.0,0.9995992786855731
2026-09-27 09:01:05.891000+00:00,10000.0,0.0,0.9995992786855731
2026-09-27 09:01:05.904000+00:00,10000.0,0.0,0.9995992786855731
2026-09-27 09:01:08.002000+00:00,10000.0,0.0,0.9995992786855731
2026-09-27 09:01:08.002000+00:00,10000.0,0.0,0.9995992786855731
2026-09-27 09:01:16.155000+00:00,10000.0,0.0,0.9995992786855731
2026-09-27 09:01:16.206000+00:00,10000.0,0.0,0.9995992786855731
2026-09-27 09:01:16.237000+00:00,10000.0,0.0,0.9995992786855731
2026-09-27 09:01:16.250000+00:00,10000.0,0.0,0.9995992786855731
2026-09-27 09:01:16.271000+00:00,10000.0,0.0,0.9995992786855731
2026-09-27 09:01:16.294000+00:00,10000.0,0.0,0.9995992786855731
2026-09-27 09:01:18.941000+00:00,10000.0,0.0,0.9995992786855731
2026-09-27 09:01:20.115000+00:00,10000.0,0.0,0.9995992786855731
2026-09-27 09:01:23.337000+00:00,10000.0,0.0,0.9995992786855731
2026-09-27 09:01:23.368000+00:00,10000.0,0.0,0.9995992786855731
2026-09-27 09:01:24+00:00,10000.0,0.0,0.9995992786855731
2026-09-27 09:01:24.959000+00:00,10000.0,0.0,0.9995992786855731
2026-09-27 09:01:25.958000+00:00,10000.0,0.0,0.9995992786855731
2026-09-27 09:01:25.959000+00:00,10000.0,0.0,0.9995992786855731
2026-09-27 09:01:25.960000+00:00,10000.0,0.0,0.9995992786855731
2026-09-27 09:01:25.962000+00:00,10000.0,0.0,0.9995992786855731
2026-09-27 09:01:25.963000+00:00,10000.0,0.0,0.9995992786855731
2026-09-27 09:01:25.986000+00:00,10000.0,0.0,0.9995992786855731
2026-09-27 09:01:31.584000+00:00,10000.0,0.0,0.9995992786855731
2026-09-27 09:01:32.381000+00:00,10000.0,0.0,0.9995992786855731
2026-09-27 09:01:32.381000+00:00,10000.0,0.0,0.9995992786855731
2026-09-27 09:01:33.543000+00:00,10000.0,0.0,0.9995992786855731
2026-09-27 09:01:33.545000+00:00,10000.0,0.0,0.9995992786855731
2026-09-27 09:01:34.807000+00:00,10000.0,0.0,0.9995992786855731
2026-09-27 09:01:34.857000+00:00,10000.0,0.0,0.9995992786855731
2026-09-27 09:01:46.636000+00:00,10000.0,0.0,0.9995992786855731
2026-09-27 09:01:49.109000+00:00,10000.0,0.0,0.9995992786855731
2026-09-27 09:01:55.939000+00:00,10000.0,0.0,0.9995992786855731
2026-09-27 09:01:57.216000+00:00,10000.0,0.0,0.9995992786855731
2026-09-27 09:02:00.328000+00:00,10000.0,0.0,0.9995992786855731
2026-09-27 09:02:01.423000+00:00,10000.0,0.0,0.9995992786855731
2026-09-27 09:02:02.380000+00:00,10000.0,0.0,0.9995992786855731
2026-09-27 09:02:02.380000+00:00,10000.0,0.0,0.9995992786855731
2026-09-27 09:02:09.839000+00:00,10000.0,0.0,0.9995992786855731
2026-09-27 09:02:09.839000+00:00,10000.0,0.0,0.9995992786855731
2026-09-27 09:02:13.037000+00:00,10000.0,0.0,0.9995992786855731
2026-09-27 09:02:15+00:00,10000.0,0.0,0.9995992786855731
2026-09-27 09:02:20.519000+00:00,10000.0,0.0,0.9995992786855731
2026-09-27 09:02:31+00:00,10000.0,0.0,0.9995992786855731
2026-09-27 09:02:40.736000+00:00,10000.0,0.0,0.9995992786855731
2026-09-27 09:02:40.736000+00:00,10000.0,0.0,0.9995992786855731
2026-09-27 09:02:41.315000+00:00,10000.0,0.0,0.9995992786855731
2026-09-27 09:02:41.624000+00:00,10000.0,0.0,0.9995992786855731
2026-09-27 09:02:41.625000+00:00,10000.0,0.0,0.9995992786855731
2026-09-27 09:02:42.113000+00:00,10000.0,0.0,0.9995992786855731
2026-09-27 09:03:18.890000+00:00,10000.0,0.0,0.9995992786855731
2026-09-27 09:03:18.921000+00:00,10000.0,0.0,0.9995992786855731
2026-09-27 09:03:19.427000+00:00,10000.0,0.0,0.9995992786855731
2026-09-27 09:03:19.463000+00:00,10000.0,0.0,0.9995992786855731
2026-09-27 09:03:32.001000+00:00,10000.0,0.0,0.9995992786855731
2026-09-27 09:03:37.582000+00:00,10000.0,0.0,0.9995992786855731
2026-09-27 09:03:38.222000+00:00,10000.0,0.0,0.9995992786855731
2026-09-27 09:03:39.096000+00:00,10000.0,0.0,0.9995992786855731
2026-09-27 09:03:42.113000+00:00,10000.0,0.0,0.9995992786855731
2026-09-27 09:03:42.113000+00:00,10000.0,0.0,0.9995992786855731
2026-09-27 09:03:45.876000+00:00,10000.0,0.0,0.9995992786855731
2026-09-27 09:03:46.736000+00:00,10000.0,0.0,0.9995992786855731
2026-09-27 09:03:48.001000+00:00,10000.0,0.0,0.9995992786855731
2026-09-27 09:03:49.373000+00:00,10000.0,0.0,0.9995992786855731
2026-09-27 09:03:49.373000+00:00,10000.0,0.0,0.9995992786855731
2026-09-27 09:03:50.933000+00:00,10000.0,0.0,0.9995992786855731
2026-09-27 09:03:50.933000+00:00,10000.0,0.0,0.9995992786855731
2026-09-27 09:03:52.653000+00:00,10000.0,0.0,0.9995992786855731
2026-09-27 09:03:54.693000+00:00,10000.0,0.0,0.9995992786855731
2026-09-27 09:03:55.435000+00:00,10000.0,0.0,0.9995992786855731
2026-09-27 09:04:01.821000+00:00,10000.0,0.0,0.9995992786855731
2026-09-27 09:04:02.664000+00:00,10000.0,0.0,0.9995992786855731
2026-09-27 09:04:03.758000+00:00,10000.0,0.0,0.9995992786855731
2026-09-27 09:04:03.758000+00:00,10000.0,0.0,0.9995992786855731
2026-09-27 09:04:03.955000+00:00,10000.0,0.0,0.9995992786855731
2026-09-27 09:04:03.955000+00:00,10000.0,0.0,0.9995992786855731
2026-09-27 09:04:04.558000+00:00,10000.0,0.0,0.9995992786855731
2026-09-27 09:04:04.558000+00:00,10000.0,0.0,0.9995992786855731
2026-09-27 09:04:04.597000+00:00,10000.0,0.0,0.9995992786855731
2026-09-27 09:04:04.603000+00:00,10000.0,0.0,0.9995992786855731
2026-09-27 09:04:04.628000+00:00,10000.0,0.0,0.9995992786855731
2026-09-27 09:04:04.640000+00:00,10000.0,0.0,0.9995992786855731
2026-09-27 09:04:09.311000+00:00,10000.0,0.0,0.9995992786855731
2026-09-27 09:04:10.170000+00:00,10000.0,0.0,0.9995992786855731
2026-09-27 09:04:16.479000+00:00,10000.0,0.0,0.9995992786855731
2026-09-27 09:04:16.479000+00:00,10000.0,0.0,0.9995992786855731
2026-09-27 09:04:24+00:00,10000.0,0.0,0.9995992786855731
2026-09-27 09:04:31.296000+00:00,10000.0,0.0,0.9995992786855731
2026-09-27 09:04:57.094000+00:00,10000.0,0.0,0.9995992786855731
2026-09-27 09:04:57.096000+00:00,10000.0,0.0,0.9995992786855731
2026-09-27 09:05:09+00:00,10000.0,0.0,0.9995992786855731
2026-09-27 09:05:11.623000+00:00,10000.0,0.0,0.9995992786855731
2026-09-27 09:05:11.629000+00:00,10000.0,0.0,0.9995992786855731
2026-09-27 09:05:11.790000+00:00,10000.0,0.0,0.9995992786855731
2026-09-27 09:05:23.523000+00:00,10000.0,0.0,0.9995992786855731
2026-09-27 09:05:23.538000+00:00,10000.0,0.0,0.9995992786855731
2026-09-27 09:05:27.198000+00:00,10000.0,0.0,0.9995992786855731
2026-09-27 09:05:27.199000+00:00,10000.0,0.0,0.9995992786855731
2026-09-27 09:05:39.189000+00:00,10000.0,0.0,0.9995992786855731
2026-09-27 09:05:39.191000+00:00,10000.0,0.0,0.9995992786855731
2026-09-27 09:06:01.859000+00:00,10000.0,0.0,0.9995992786855731
