open_time_ms,open,high,low,close,volume,close_time_ms,quote_volume,trades,taker_buy_base,taker_buy_quote,ignore,open_time,close_time
1791062100000,84685.04,84685.05,84685.04,84685.05,0.75674,1791062159999,64084.56207300,197,0.49034000,41524.46741700,0,2026-10-03 21:15:00+00:00,2026-10-03 21:15:59.999000+00:00
1791062160000,84685.05,84705.64,84685.04,84705.64,2.15449,1791062219999,182477.78918320,620,2.07979000,176150.93622800,0,2026-10-03 21:16:00+00:00,2026-10-03 21:16:59.999000+00:00
1791062220000,84705.64,84712.18,84705.63,84712.18,1.0792,1791062279999,91416.27087540,191,1.04112000,88190.64915840,0,2026-10-03 21:17:00+00:00,2026-10-03 21:17:59.999000+00:00
1791062280000,84712.18,84722.01,84712.17,84722.01,1.97021,1791062339999,166913.70182050,474,1.57568000,133488.85168310,0,2026-10-03 21:18:00+00:00,2026-10-03 21:18:59.999000+00:00
1791062340000,84722.0,84722.01,84709.26,84709.26,5.39747,1791062399999,457266.70887700,723,0.19219000,16281.26325090,0,2026-10-03 21:19:00+00:00,2026-10-03 21:19:59.999000+00:00
1791062400000,84709.27,84709.27,84709.26,84709.27,0.66362,1791062459999,56214.76034170,102,0.12205000,10338.76640350,0,2026-10-03 21:20:00+00:00,2026-10-03 21:20:59.999000+00:00
1791062460000,84709.27,84709.27,84703.78,84704.01,5.93577,1791062519999,502798.27478340,220,0.41492000,35145.46899100,0,2026-10-03 21:21:00+00:00,2026-10-03 21:21:59.999000+00:00
1791062520000,84704.0,84716.01,84704.0,84716.0,4.1008,1791062579999,347362.23687100,466,1.82413000,154518.39939100,0,2026-10-03 21:22:00+00:00,2026-10-03 21:22:59.999000+00:00
1791062580000,84716.01,84716.01,84716.0,84716.0,1.2942,1791062639999,109639.44892020,106,0.17202000,14572.84804020,0,2026-10-03 21:23:00+00:00,2026-10-03 21:23:59.999000+00:00
1791062640000,84716.01,84716.01,84715.98,84715.98,2.21126,1791062699999,187329.09653830,185,0.67173000,56906.27805430,0,2026-10-03 21:24:00+00:00,2026-10-03 21:24:59.999000+00:00
1791062700000,84715.99,84732.14,84715.99,84720.54,12.30736,1791062759999,1042685.53351590,606,9.34545000,791750.42699990,0,2026-10-03 21:25:00+00:00,2026-10-03 21:25:59.999000+00:00
1791062760000,84720.54,84720.55,84720.0,84720.0,2.53902,1791062819999,215106.74663680,198,1.34874000,114265.93238280,0,2026-10-03 21:26:00+00:00,2026-10-03 21:26:59.999000+00:00
1791062820000,84720.01,84720.01,84696.0,84696.01,6.99054,1791062879999,592167.49897640,1288,0.82093000,69539.08670720,0,2026-10-03 21:27:00+00:00,2026-10-03 21:27:59.999000+00:00
1791062880000,84696.0,84696.01,84695.14,84695.15,1.03011,1791062939999,87245.93522860,241,0.20499000,17361.75301150,0,2026-10-03 21:28:00+00:00,2026-10-03 21:28:59.999000+00:00
1791062940000,84695.14,84710.69,84695.14,84710.68,2.04033,1791062999999,172818.85320740,322,1.98768000,168359.45769180,0,2026-10-03 21:29:00+00:00,2026-10-03 21:29:59.999000+00:00
1791063000000,84710.69,84710.69,84710.67,84710.68,4.93401,1791063059999,417963.34130510,194,1.20309000,101914.57305290,0,2026-10-03 21:30:00+00:00,2026-10-03 21:30:59.999000+00:00
1791063060000,84710.67,84710.68,84710.67,84710.68,0.78319,1791063119999,66344.55379740,120,0.41601000,35240.48998680,0,2026-10-03 21:31:00+00:00,2026-10-03 21:31:59.999000+00:00
