open_time,open,high,low,close,volume,close_time,quote_volume,trades,taker_buy_base,taker_buy_quote,ignore
2026-10-02 12:00:00+00:00,86424.85,86424.85,86380.0,86408.01,9.62781,2026-10-02 12:00:59.999000+00:00,831834.74794610,2955,3.22881000,278932.19030690,0
2026-10-02 12:01:00+00:00,86408.01,86408.01,86340.06,86344.01,11.14887,2026-10-02 12:01:59.999000+00:00,962807.80375790,2119,1.22483000,105768.32998520,0
2026-10-02 12:02:00+00:00,86344.0,86344.01,86308.0,86309.23,13.29316,2026-10-02 12:02:59.999000+00:00,1147597.34739640,2608,3.54070000,305677.07915440,0
2026-10-02 12:03:00+00:00,86309.22,86358.01,86309.22,86323.54,7.49013,2026-10-02 12:03:59.999000+00:00,646663.61468350,2320,2.67001000,230515.69110700,0
2026-10-02 12:04:00+00:00,86323.55,86378.01,86323.55,86378.01,3.84485,2026-10-02 12:04:59.999000+00:00,332029.37329620,1488,2.57487000,222342.42637630,0
2026-10-02 12:05:00+00:00,86378.0,86426.08,86378.0,86378.0,12.37807,2026-10-02 12:05:59.999000+00:00,1069488.57479520,2174,6.09930000,526985.07719410,0
2026-10-02 12:06:00+00:00,86378.01,86426.08,86378.0,86426.07,5.90524,2026-10-02 12:06:59.999000+00:00,510213.87556490,1373,4.40427000,380525.30390710,0
2026-10-02 12:07:00+00:00,86426.07,86456.01,86426.07,86456.01,3.94728,2026-10-02 12:07:59.999000+00:00,341205.37176560,975,2.04125000,176441.91258880,0
2026-10-02 12:08:00+00:00,86456.0,86460.01,86436.01,86460.0,3.71052,2026-10-02 12:08:59.999000+00:00,320759.74303160,1684,1.41325000,122174.84840100,0
2026-10-02 12:09:00+00:00,86460.01,86472.01,86450.0,86450.0,4.66413,2026-10-02 12:09:59.999000+00:00,403279.11325720,1507,1.39255000,120408.31814050,0
2026-10-02 12:10:00+00:00,86450.0,86476.01,86444.6,86476.01,6.51329,2026-10-02 12:10:59.999000+00:00,563095.52855040,1730,2.66265000,230202.60536980,0
2026-10-02 12:11:00+00:00,86476.01,86483.2,86466.54,86466.55,3.65861,2026-10-02 12:11:59.999000+00:00,316382.55060300,937,1.20735000,104399.38526610,0
2026-10-02 12:12:00+00:00,86466.55,86466.55,86410.41,86426.01,9.76917,2026-10-02 12:12:59.999000+00:00,844455.35418160,2871,1.57882000,136438.56232840,0
2026-10-02 12:13:00+00:00,86426.0,86426.0,86390.17,86410.16,7.14847,2026-10-02 12:13:59.999000+00:00,617681.15243750,2120,2.32406000,200810.31008150,0
2026-10-02 12:14:00+00:00,86410.15,86412.01,86391.47,86406.03,11.61176,2026-10-02 12:14:59.999000+00:00,1003318.22024250,1536,1.63740000,141467.97300730,0
2026-10-02 12:15:00+00:00,86406.02,86470.01,86398.29,86462.6,7.99879,2026-10-02 12:15:59.999000+00:00,691416.46677070,1891,2.96809000,256525.78719030,0
2026-10-02 12:16:00+00:00,86462.61,86518.01,86462.6,86498.03,8.87429,2026-10-02 12:16:59.999000+00:00,767577.68961370,2200,3.20324000,277055.13263870,0
2026-10-02 12:17:00+00:00,86498.02,86538.01,86492.47,86533.21,11.17071,2026-10-02 12:17:59.999000+00:00,966440.76500450,1972,3.62702000,313781.59079930,0
2026-10-02 12:18:00+00:00,86533.21,86544.01,86525.94,86536.0,10.36632,2026-10-02 12:18:59.999000+00:00,897103.62250010,2168,2.54063000,219865.19294240,0
2026-10-02 12:19:00+00:00,86536.01,86583.86,86536.0,86561.34,16.13934,2026-10-02 12:19:59.999000+00:00,1397078.30422200,2523,10.01463000,866833.03502110,0
2026-10-02 12:20:00+00:00,86561.34,86594.01,86560.4,86594.01,5.34284,2026-10-02 12:20:59.999000+00:00,462570.38680960,1192,3.56029000,308239.46352310,0
2026-10-02 12:21:00+00:00,86594.0,86608.01,86592.69,86599.8,9.42916,2026-10-02 12:21:59.999000+00:00,816582.01086740,2413,3.77381000,326811.18159850,0
2026-10-02 12:22:00+00:00,86599.81,86650.0,86599.8,86649.99,9.70481,2026-10-02 12:22:59.999000+00:00,840751.76022700,2182,5.54306000,480190.66570510,0
2026-10-02 12:23:00+00:00,86649.99,86650.0,86570.0,86572.01,21.40153,2026-10-02 12:23:59.999000+00:00,1853663.43446630,4509,7.02604000,608533.40866800,0
2026-10-02 12:24:00+00:00,86572.0,86606.01,86524.56,86561.39,15.09546,2026-10-02 12:24:59.999000+00:00,1306768.62599670,3441,8.12547000,703353.71853600,0
2026-10-02 12:25:00+00:00,86561.39,86662.01,86549.51,86652.06,26.52868,2026-10-02 12:25:59.999000+00:00,2297490.36033950,3455,20.13875000,1744095.07272280,0
2026-10-02 12:26:00+00:00,86652.06,86652.08,86598.0,86635.0,23.49736,2026-10-02 12:26:59.999000+00:00,2035765.97906070,2948,16.40246000,1421124.79853580,0
2026-10-02 12:27:00+00:00,86634.99,86649.46,86617.99,86640.0,12.36186,2026-10-02 12:27:59.999000+00:00,1071026.52857520,2598,6.11650000,529931.37763730,0
2026-10-02 12:28:00+00:00,86640.01,86640.01,86574.0,86594.01,39.97127,2026-10-02 12:28:59.999000+00:00,3461360.70875430,4153,17.79807000,1541143.67803490,0
2026-10-02 12:29:00+00:00,86594.01,86646.01,86594.01,86616.35,17.82341,2026-10-02 12:29:59.999000+00:00,1544044.71165500,2868,9.24561000,800939.28499480,0
2026-10-02 12:30:00+00:00,86616.35,87000.0,86536.0,86951.03,687.11929,2026-10-02 12:30:59.999000+00:00,59683357.96637240,32293,448.72626000,38981338.05049300,0
2026-10-02 12:31:00+00:00,86951.04,87220.0,86748.51,86773.61,255.39174,2026-10-02 12:31:59.999000+00:00,22236435.19627210,20446,169.95651000,14799284.84798080,0
2026-10-02 12:32:00+00:00,86773.6,86927.01,86762.34,86859.85,34.1703,2026-10-02 12:32:59.999000+00:00,2966921.92124490,8401,17.43814000,1514167.92949910,0
2026-10-02 12:33:00+00:00,86859.85,86862.45,86661.67,86762.52,59.83457,2026-10-02 12:33:59.999000+00:00,5190930.23591800,9609,16.31513000,1415381.66668660,0
2026-10-02 12:34:00+00:00,86762.51,86864.26,86655.29,86829.4,61.2432,2026-10-02 12:34:59.999000+00:00,5312182.88471990,9813,43.19505000,3746561.47633950,0
2026-10-02 12:35:00+00:00,86829.39,86875.11,86760.12,86817.86,36.25804,2026-10-02 12:35:59.999000+00:00,3148379.72553780,7110,24.94898000,2166608.84098370,0
2026-10-02 12:36:00+00:00,86817.86,86999.87,86760.12,86950.44,21.03379,2026-10-02 12:36:59.999000+00:00,1827821.68597050,8280,10.57446000,918861.71534050,0
2026-10-02 12:37:00+00:00,86950.44,86975.4,86911.58,86920.42,25.46426,2026-10-02 12:37:59.999000+00:00,2213984.23149050,6768,12.91851000,1123235.20975670,0
2026-10-02 12:38:00+00:00,86920.41,86920.42,86824.56,86824.58,23.01766,2026-10-02 12:38:59.999000+00:00,1999323.73451620,4257,5.25257000,456156.01869710,0
2026-10-02 12:39:00+00:00,86824.57,86860.61,86761.27,86787.06,18.05458,2026-10-02 12:39:59.999000+00:00,1567338.98674870,5199,6.04740000,524945.22502520,0
2026-10-02 12:40:00+00:00,86787.07,86796.14,86691.96,86754.01,34.62745,2026-10-02 12:40:59.999000+00:00,3003484.02731020,7392,16.37334000,1419865.58910240,0
2026-10-02 12:41:00+00:00,86754.01,86761.02,86547.66,86572.01,29.92692,2026-10-02 12:41:59.999000+00:00,2593261.83252940,7959,12.29159000,1065133.56666330,0
2026-10-02 12:42:00+00:00,86572.01,86628.01,86512.0,86564.0,21.99411,2026-10-02 12:42:59.999000+00:00,1904001.86866690,9561,10.50807000,909661.29741240,0
2026-10-02 12:43:00+00:00,86564.0,86564.0,86412.04,86444.01,56.08316,2026-10-02 12:43:59.999000+00:00,4851169.25677920,9325,9.43025000,815751.97443110,0
2026-10-02 12:44:00+00:00,86444.01,86565.4,86441.37,86476.0,27.63023,2026-10-02 12:44:59.999000+00:00,2389840.46592680,7260,16.04338000,1387683.95627620,0
2026-10-02 12:45:00+00:00,86476.01,86574.01,86456.0,86570.0,14.02594,2026-10-02 12:45:59.999000+00:00,1213630.68132060,7063,6.62623000,573291.54050440,0
2026-10-02 12:46:00+00:00,86570.01,86692.74,86570.0,86687.23,12.07538,2026-10-02 12:46:59.999000+00:00,1046329.86189980,5325,7.15786000,620167.25599530,0
2026-10-02 12:47:00+00:00,86687.23,86748.86,86640.37,86748.86,12.57776,2026-10-02 12:47:59.999000+00:00,1090381.71679200,5215,6.34361000,549947.09671500,0
2026-10-02 12:48:00+00:00,86748.85,86754.25,86729.14,86730.61,10.57779,2026-10-02 12:48:59.999000+00:00,917559.97827100,2301,1.08797000,94370.28327940,0
2026-10-02 12:49:00+00:00,86730.61,86769.36,86665.57,86671.14,12.33936,2026-10-02 12:49:59.999000+00:00,1069851.17994280,3329,6.62696000,574543.86992440,0
2026-10-02 12:50:00+00:00,86671.14,86784.71,86631.28,86726.25,25.91646,2026-10-02 12:50:59.999000+00:00,2246861.83177130,5358,14.83089000,1285928.68930780,0
2026-10-02 12:51:00+00:00,86726.24,86726.25,86643.26,86680.01,8.99305,2026-10-02 12:51:59.999000+00:00,779466.26061410,4596,2.19730000,190427.07294250,0
2026-10-02 12:52:00+00:00,86680.0,86777.98,86680.0,86746.29,20.79435,2026-10-02 12:52:59.999000+00:00,1804022.82894330,3900,15.98960000,1387297.34983160,0
2026-10-02 12:53:00+00:00,86746.29,86766.79,86736.0,86742.01,5.21604,2026-10-02 12:53:59.999000+00:00,452500.76062950,3037,3.03319000,263133.33025950,0
2026-10-02 12:54:00+00:00,86742.01,86790.01,86742.01,86790.01,2.93207,2026-10-02 12:54:59.999000+00:00,254413.46745400,1451,2.01299000,174662.49343390,0
2026-10-02 12:55:00+00:00,86790.01,86876.28,86790.01,86872.0,14.43961,2026-10-02 12:55:59.999000+00:00,1254031.20357680,3941,7.42035000,644446.76623250,0
2026-10-02 12:56:00+00:00,86872.0,86900.65,86860.0,86866.96,71.10546,2026-10-02 12:56:59.999000+00:00,6177824.28478690,4654,61.23254000,5319985.09525130,0
2026-10-02 12:57:00+00:00,86866.96,86866.96,86808.0,86843.86,13.301,2026-10-02 12:57:59.999000+00:00,1154873.68853960,3528,9.10570000,790592.82245590,0
2026-10-02 12:58:00+00:00,86843.85,86850.01,86836.0,86846.0,5.83031,2026-10-02 12:58:59.999000+00:00,506322.52148230,1347,1.77918000,154509.14895820,0
2026-10-02 12:59:00+00:00,86846.0,86847.7,86806.0,86810.0,9.32966,2026-10-02 12:59:59.999000+00:00,810076.69336150,1944,1.56088000,135514.57184360,0
2026-10-02 13:00:00+00:00,86810.01,86811.4,86768.0,86809.75,11.49943,2026-10-02 13:00:59.999000+00:00,997975.29127270,3377,5.92403000,514107.22674510,0
2026-10-02 13:01:00+00:00,86809.75,86921.54,86809.74,86900.75,11.30914,2026-10-02 13:01:59.999000+00:00,982514.28767400,3650,8.94808000,777376.83819550,0
2026-10-02 13:02:00+00:00,86900.74,86936.25,86858.0,86870.51,18.1515,2026-10-02 13:02:59.999000+00:00,1577098.73248040,3421,12.03536000,1045647.37873020,0
2026-10-02 13:03:00+00:00,86870.5,86916.75,86858.66,86916.75,8.6392,2026-10-02 13:03:59.999000+00:00,750467.49274970,1541,4.04878000,351728.90277470,0
2026-10-02 13:04:00+00:00,86916.74,86949.61,86916.74,86917.4,16.04951,2026-10-02 13:04:59.999000+00:00,1395296.08695300,1376,4.80475000,417705.27909020,0
2026-10-02 13:05:00+00:00,86917.4,86941.9,86838.0,86841.39,14.90511,2026-10-02 13:05:59.999000+00:00,1295032.91617550,3203,6.77950000,589018.46039110,0
2026-10-02 13:06:00+00:00,86841.38,86852.01,86800.0,86800.01,9.9051,2026-10-02 13:06:59.999000+00:00,860030.14181580,2849,3.29475000,286076.40413070,0
2026-10-02 13:07:00+00:00,86800.01,86807.57,86756.79,86782.01,11.8844,2026-10-02 13:07:59.999000+00:00,1031308.00965220,3092,3.03773000,263623.41651190,0
2026-10-02 13:08:00+00:00,86782.01,86805.01,86742.95,86742.96,14.032,2026-10-02 13:08:59.999000+00:00,1217620.13752080,3475,4.51337000,391633.91795740,0
2026-10-02 13:09:00+00:00,86742.95,86775.15,86738.54,86750.49,8.24773,2026-10-02 13:09:59.999000+00:00,715551.80486480,3120,2.81677000,244380.10519290,0
2026-10-02 13:10:00+00:00,86750.5,86774.26,86750.49,86767.95,4.45672,2026-10-02 13:10:59.999000+00:00,386681.00411160,1324,3.43739000,298236.97664550,0
2026-10-02 13:11:00+00:00,86767.94,86767.95,86704.0,86706.93,33.75397,2026-10-02 13:11:59.999000+00:00,2927573.71492550,2899,2.83616000,245957.66836560,0
2026-10-02 13:12:00+00:00,86706.93,86709.75,86672.0,86696.7,22.85635,2026-10-02 13:12:59.999000+00:00,1981492.69475450,2138,7.17864000,622360.78926350,0
2026-10-02 13:13:00+00:00,86696.7,86696.71,86672.0,86687.36,19.35608,2026-10-02 13:13:59.999000+00:00,1677863.90884430,1735,3.14708000,272795.92401820,0
2026-10-02 13:14:00+00:00,86687.35,86734.56,86687.35,86692.0,11.86402,2026-10-02 13:14:59.999000+00:00,1028769.90032640,2293,5.46103000,473516.39886790,0
2026-10-02 13:15:00+00:00,86692.01,86692.01,86630.0,86676.01,11.51027,2026-10-02 13:15:59.999000+00:00,997528.40284600,3708,2.84555000,246604.31103980,0
2026-10-02 13:16:00+00:00,86676.01,86727.3,86676.0,86727.29,5.09691,2026-10-02 13:16:59.999000+00:00,441959.88952730,2400,2.33452000,202418.88497960,0
2026-10-02 13:17:00+00:00,86727.3,86757.42,86688.13,86691.35,11.12152,2026-10-02 13:17:59.999000+00:00,964625.16329800,3301,3.91273000,339368.04224820,0
2026-10-02 13:18:00+00:00,86691.36,86708.01,86666.01,86666.02,6.86014,2026-10-02 13:18:59.999000+00:00,594743.81986230,3731,1.80535000,156518.18059460,0
2026-10-02 13:19:00+00:00,86666.02,86712.01,86664.64,86697.09,5.6377,2026-10-02 13:19:59.999000+00:00,488736.92937030,2419,3.43114000,297429.51112970,0
2026-10-02 13:20:00+00:00,86697.08,86736.0,86678.96,86735.99,9.2688,2026-10-02 13:20:59.999000+00:00,803602.31173290,3369,4.38392000,380109.95718560,0
2026-10-02 13:21:00+00:00,86736.0,86752.0,86702.51,86702.51,6.06701,2026-10-02 13:21:59.999000+00:00,526162.07413350,2598,2.33999000,202946.35483110,0
2026-10-02 13:22:00+00:00,86702.52,86725.87,86682.0,86717.76,4.90402,2026-10-02 13:22:59.999000+00:00,425212.47520170,2255,2.28381000,198022.60304170,0
2026-10-02 13:23:00+00:00,86717.76,86717.76,86684.0,86707.1,6.79616,2026-10-02 13:23:59.999000+00:00,589217.10533440,1735,1.83701000,159267.78105680,0
2026-10-02 13:24:00+00:00,86707.09,86707.1,86685.11,86694.0,6.10133,2026-10-02 13:24:59.999000+00:00,528936.43999310,1453,1.90854000,165444.37680300,0
2026-10-02 13:25:00+00:00,86694.0,86720.0,86668.79,86692.01,15.40095,2026-10-02 13:25:59.999000+00:00,1335136.58068460,3539,6.53848000,566784.25870770,0
2026-10-02 13:26:00+00:00,86692.0,86696.79,86604.0,86617.99,14.03995,2026-10-02 13:26:59.999000+00:00,1216610.32591360,3518,3.24556000,281234.65848880,0
2026-10-02 13:27:00+00:00,86617.99,86638.01,86600.0,86629.6,12.51611,2026-10-02 13:27:59.999000+00:00,1084200.29751780,3383,3.15295000,273107.31842510,0
2026-10-02 13:28:00+00:00,86629.6,86674.68,86629.6,86641.9,6.38276,2026-10-02 13:28:59.999000+00:00,553111.69955190,2294,2.93735000,254526.75061710,0
2026-10-02 13:29:00+00:00,86641.91,86641.91,86606.58,86606.58,6.40157,2026-10-02 13:29:59.999000+00:00,554540.08930280,1702,1.25339000,108583.12203650,0
2026-10-02 13:30:00+00:00,86606.58,86660.01,86574.0,86660.0,15.91238,2026-10-02 13:30:59.999000+00:00,1378170.19071480,6796,9.97535000,864013.39292970,0
2026-10-02 13:31:00+00:00,86660.01,86786.01,86628.9,86784.0,18.62739,2026-10-02 13:31:59.999000+00:00,1614990.40617820,8489,10.59381000,918540.38196750,0
2026-10-02 13:32:00+00:00,86784.01,86868.01,86784.0,86841.18,31.84524,2026-10-02 13:32:59.999000+00:00,2765414.95761000,7481,16.00950000,1390109.89529630,0
2026-10-02 13:33:00+00:00,86841.18,86872.01,86811.34,86846.01,13.8612,2026-10-02 13:33:59.999000+00:00,1203716.10327270,6440,5.63592000,489400.28276240,0
2026-10-02 13:34:00+00:00,86846.01,86928.01,86811.06,86908.0,17.84115,2026-10-02 13:34:59.999000+00:00,1549657.05771910,5445,6.47504000,562503.47973460,0
2026-10-02 13:35:00+00:00,86908.0,87036.22,86906.0,86968.0,28.09768,2026-10-02 13:35:59.999000+00:00,2443874.15231760,8140,21.41087000,1862323.88240480,0
2026-10-02 13:36:00+00:00,86968.0,87076.92,86968.0,87076.92,25.73795,2026-10-02 13:36:59.999000+00:00,2239949.40384490,6626,16.72751000,1455769.40456850,0
2026-10-02 13:37:00+00:00,87076.91,87150.0,87043.64,87053.18,27.74316,2026-10-02 13:37:59.999000+00:00,2416470.30159570,7951,17.99194000,1567159.83817960,0
2026-10-02 13:38:00+00:00,87053.17,87149.99,86941.92,86986.0,106.08514,2026-10-02 13:38:59.999000+00:00,9231695.66767950,9690,14.96574000,1302472.15074780,0
2026-10-02 13:39:00+00:00,86986.01,87120.18,86974.0,87090.0,30.48717,2026-10-02 13:39:59.999000+00:00,2653604.26140680,8748,21.14607000,1840703.09555720,0
2026-10-02 13:40:00+00:00,87090.01,87120.0,87055.77,87055.77,22.42906,2026-10-02 13:40:59.999000+00:00,1953423.02555580,5837,9.51301000,828529.01843240,0
2026-10-02 13:41:00+00:00,87055.77,87057.18,86942.0,86966.0,51.35675,2026-10-02 13:41:59.999000+00:00,4467454.82609640,9584,9.36116000,814263.72645960,0
2026-10-02 13:42:00+00:00,86966.0,86966.0,86837.77,86858.0,35.43096,2026-10-02 13:42:59.999000+00:00,3079135.87029290,10847,10.29445000,894676.99326700,0
2026-10-02 13:43:00+00:00,86858.01,86970.01,86845.83,86877.44,21.94114,2026-10-02 13:43:59.999000+00:00,1907068.57046150,7102,8.97912000,780375.01970150,0
2026-10-02 13:44:00+00:00,86877.44,86928.01,86850.36,86900.31,23.7485,2026-10-02 13:44:59.999000+00:00,2063390.49276870,7660,9.41660000,818144.37105340,0
2026-10-02 13:45:00+00:00,86900.84,86974.01,86900.84,86974.01,14.85262,2026-10-02 13:45:59.999000+00:00,1291331.41703360,4539,9.05319000,787144.49879490,0
2026-10-02 13:46:00+00:00,86974.0,86996.01,86890.0,86943.12,36.39041,2026-10-02 13:46:59.999000+00:00,3163852.38349700,8729,22.76513000,1979223.50102740,0
2026-10-02 13:47:00+00:00,86943.12,86971.63,86908.42,86942.01,17.09708,2026-10-02 13:47:59.999000+00:00,1486424.99994230,4966,7.51546000,653388.47385380,0
2026-10-02 13:48:00+00:00,86942.0,86942.01,86720.77,86848.02,48.87333,2026-10-02 13:48:59.999000+00:00,4242837.17018640,10532,19.54622000,1696978.11489690,0
2026-10-02 13:49:00+00:00,86848.01,86943.92,86848.01,86864.99,36.13067,2026-10-02 13:49:59.999000+00:00,3139775.80232050,6939,22.91441000,1991425.85047670,0
2026-10-02 13:50:00+00:00,86864.99,86870.01,86703.9,86732.0,35.80786,2026-10-02 13:50:59.999000+00:00,3107871.49473520,7215,8.60585000,747021.19705130,0
2026-10-02 13:51:00+00:00,86732.01,86742.01,86660.09,86660.1,33.68889,2026-10-02 13:51:59.999000+00:00,2920903.34683470,6774,6.75509000,585699.88376910,0
2026-10-02 13:52:00+00:00,86660.1,86752.01,86660.09,86750.0,24.72631,2026-10-02 13:52:59.999000+00:00,2143933.35616250,6614,7.87510000,682767.44196030,0
2026-10-02 13:53:00+00:00,86750.01,86804.01,86719.52,86802.0,14.03182,2026-10-02 13:53:59.999000+00:00,1217338.25496410,3654,6.34569000,550566.37729350,0
2026-10-02 13:54:00+00:00,86802.01,86810.01,86672.0,86672.0,17.3667,2026-10-02 13:54:59.999000+00:00,1506503.51403400,7235,3.37117000,292451.83763720,0
2026-10-02 13:55:00+00:00,86672.0,86700.01,86622.83,86696.01,26.85679,2026-10-02 13:55:59.999000+00:00,2327213.89847080,7575,13.14869000,1139339.95316220,0
2026-10-02 13:56:00+00:00,86696.0,86742.01,86620.0,86620.01,27.89454,2026-10-02 13:56:59.999000+00:00,2417901.52864120,9448,14.36004000,1244623.51482100,0
2026-10-02 13:57:00+00:00,86620.0,86638.01,86465.72,86578.12,64.24789,2026-10-02 13:57:59.999000+00:00,5561612.77801670,12909,21.34487000,1847775.17086580,0
2026-10-02 13:58:00+00:00,86578.13,86628.01,86530.92,86628.01,27.24609,2026-10-02 13:58:59.999000+00:00,2359017.20786790,7378,17.17925000,1487398.08811590,0
2026-10-02 13:59:00+00:00,86628.0,86640.01,86562.0,86565.05,12.71165,2026-10-02 13:59:59.999000+00:00,1100811.19092040,6208,3.23852000,280456.64542400,0
2026-10-02 14:00:00+00:00,86565.06,86584.01,86501.0,86576.0,15.87036,2026-10-02 14:00:59.999000+00:00,1373540.93623730,5873,3.15328000,272903.98409940,0
2026-10-02 14:01:00+00:00,86576.0,86630.72,86504.7,86630.71,14.54752,2026-10-02 14:01:59.999000+00:00,1259471.87112760,7442,8.36052000,723880.16363320,0
2026-10-02 14:02:00+00:00,86630.72,86722.01,86624.0,86694.01,14.67561,2026-10-02 14:02:59.999000+00:00,1272091.97784630,5145,6.19516000,536919.17697810,0
2026-10-02 14:03:00+00:00,86694.0,86736.01,86644.0,86696.66,19.14755,2026-10-02 14:03:59.999000+00:00,1659908.59069910,6515,7.54620000,654119.91910580,0
2026-10-02 14:04:00+00:00,86696.66,86817.53,86696.66,86817.53,17.20287,2026-10-02 14:04:59.999000+00:00,1492363.23837030,4461,11.96773000,1038198.36823020,0
2026-10-02 14:05:00+00:00,86817.53,86838.01,86741.89,86741.89,116.22608,2026-10-02 14:05:59.999000+00:00,10089130.90263300,6383,4.59050000,398466.88828980,0
2026-10-02 14:06:00+00:00,86741.89,86744.68,86640.0,86640.0,15.66183,2026-10-02 14:06:59.999000+00:00,1357662.80852200,6159,5.49998000,476751.97483590,0
2026-10-02 14:07:00+00:00,86640.0,86640.01,86522.53,86526.7,41.346,2026-10-02 14:07:59.999000+00:00,3580758.73441280,10223,8.30837000,719411.55576460,0
2026-10-02 14:08:00+00:00,86526.71,86560.0,86483.44,86560.0,40.26254,2026-10-02 14:08:59.999000+00:00,3483293.90128010,6887,6.67273000,577307.84577340,0
2026-10-02 14:09:00+00:00,86560.0,86632.01,86538.59,86538.59,19.8825,2026-10-02 14:09:59.999000+00:00,1721644.21840900,5515,6.50509000,563308.39969540,0
2026-10-02 14:10:00+00:00,86538.6,86558.01,86418.2,86443.89,25.03584,2026-10-02 14:10:59.999000+00:00,2165834.76633040,6976,9.78839000,846777.05652500,0
2026-10-02 14:11:00+00:00,86443.88,86479.67,86291.75,86350.01,56.65003,2026-10-02 14:11:59.999000+00:00,4892839.36538050,10453,16.34064000,1411099.36927660,0
2026-10-02 14:12:00+00:00,86350.0,86460.94,86332.93,86393.42,41.19993,2026-10-02 14:12:59.999000+00:00,3559471.13561970,7763,14.86764000,1284982.65471250,0
2026-10-02 14:13:00+00:00,86393.43,86437.71,86388.95,86430.72,24.59135,2026-10-02 14:13:59.999000+00:00,2125301.20429940,2148,14.70219000,1270674.68754450,0
2026-10-02 14:14:00+00:00,86430.72,86430.72,86350.0,86356.0,38.78593,2026-10-02 14:14:59.999000+00:00,3350960.39825240,5587,5.49467000,474711.33604360,0
2026-10-02 14:15:00+00:00,86356.0,86360.16,86283.85,86299.13,38.29432,2026-10-02 14:15:59.999000+00:00,3305493.80361280,4883,4.38536000,378500.18456890,0
2026-10-02 14:16:00+00:00,86299.13,86348.47,86235.36,86324.67,43.89756,2026-10-02 14:16:59.999000+00:00,3787712.45311860,5323,8.95954000,773122.85423150,0
2026-10-02 14:17:00+00:00,86324.67,86438.71,86324.67,86438.71,26.38093,2026-10-02 14:17:59.999000+00:00,2279062.78993430,2642,12.80112000,1105887.55872890,0
2026-10-02 14:18:00+00:00,86438.71,86556.94,86438.71,86453.57,24.11676,2026-10-02 14:18:59.999000+00:00,2086316.06274850,5583,13.08715000,1132022.46131990,0
2026-10-02 14:19:00+00:00,86453.57,86554.01,86453.57,86536.0,20.68699,2026-10-02 14:19:59.999000+00:00,1789723.45389890,4495,6.85656000,593164.85698660,0
2026-10-02 14:20:00+00:00,86536.0,86556.0,86500.53,86554.05,27.04944,2026-10-02 14:20:59.999000+00:00,2340457.96275950,3302,8.55618000,740355.30380560,0
2026-10-02 14:21:00+00:00,86554.04,86645.83,86538.0,86645.82,14.10234,2026-10-02 14:21:59.999000+00:00,1220993.96199890,3244,7.46225000,646145.33063760,0
2026-10-02 14:22:00+00:00,86645.82,86645.82,86510.17,86578.0,29.3744,2026-10-02 14:22:59.999000+00:00,2543508.60471590,4567,4.59567000,397754.97822970,0
2026-10-02 14:23:00+00:00,86577.99,86578.0,86532.0,86557.17,21.5113,2026-10-02 14:23:59.999000+00:00,1862063.67152820,3414,2.78485000,241028.51078710,0
2026-10-02 14:24:00+00:00,86557.17,86594.53,86523.15,86523.15,18.46704,2026-10-02 14:24:59.999000+00:00,1598656.74727390,2985,4.69675000,406600.01049030,0
2026-10-02 14:25:00+00:00,86523.15,86523.16,86397.92,86397.93,30.98309,2026-10-02 14:25:59.999000+00:00,2678805.87425610,3842,4.53936000,392357.87348400,0
2026-10-02 14:26:00+00:00,86397.93,86397.93,86322.0,86322.0,34.74118,2026-10-02 14:26:59.999000+00:00,3000176.46756330,6524,7.92033000,683897.56128550,0
2026-10-02 14:27:00+00:00,86322.0,86354.01,86158.18,86180.0,54.47558,2026-10-02 14:27:59.999000+00:00,4698785.79719040,7246,10.22695000,882453.32347610,0
2026-10-02 14:28:00+00:00,86180.0,86245.3,86166.49,86219.88,23.43575,2026-10-02 14:28:59.999000+00:00,2020284.39724420,5040,8.23790000,710204.92849500,0
2026-10-02 14:29:00+00:00,86219.88,86219.88,86077.31,86081.86,41.57768,2026-10-02 14:29:59.999000+00:00,3581785.52864380,8688,7.81217000,672859.30811890,0
2026-10-02 14:30:00+00:00,86081.86,86100.0,86016.77,86085.27,31.56833,2026-10-02 14:30:59.999000+00:00,2716667.21424360,7265,17.39012000,1496493.45976970,0
2026-10-02 14:31:00+00:00,86085.26,86146.6,86062.82,86087.25,31.96266,2026-10-02 14:31:59.999000+00:00,2751561.00717680,6561,8.44962000,727459.42131520,0
2026-10-02 14:32:00+00:00,86087.25,86171.59,86020.85,86124.02,34.15666,2026-10-02 14:32:59.999000+00:00,2941039.84798760,7839,15.42789000,1328464.02431680,0
2026-10-02 14:33:00+00:00,86124.01,86124.02,85978.13,86054.01,58.21043,2026-10-02 14:33:59.999000+00:00,5007832.99951080,7809,23.33011000,2006683.76360580,0
2026-10-02 14:34:00+00:00,86054.01,86058.28,85691.68,85811.65,153.26819,2026-10-02 14:34:59.999000+00:00,13154969.54123760,20018,42.00869000,3605561.70916760,0
2026-10-02 14:35:00+00:00,85811.65,85979.77,85793.85,85956.21,69.05309,2026-10-02 14:35:59.999000+00:00,5933360.61532010,7222,32.48017000,2791021.88063130,0
2026-10-02 14:36:00+00:00,85956.21,85979.77,85886.0,85975.88,29.06213,2026-10-02 14:36:59.999000+00:00,2497597.56093550,8381,5.51431000,473859.93217990,0
2026-10-02 14:37:00+00:00,85975.89,85979.77,85780.0,85786.66,37.18741,2026-10-02 14:37:59.999000+00:00,3193307.82724310,10402,10.89691000,935537.34767480,0
2026-10-02 14:38:00+00:00,85786.67,85954.01,85776.6,85919.26,35.67033,2026-10-02 14:38:59.999000+00:00,3062119.34789360,7110,22.79875000,1957041.97711870,0
2026-10-02 14:39:00+00:00,85919.25,85986.01,85919.25,85986.0,18.12732,2026-10-02 14:39:59.999000+00:00,1558173.51040390,3918,8.54249000,734287.47407640,0
2026-10-02 14:40:00+00:00,85986.01,85989.06,85939.78,85986.63,26.66377,2026-10-02 14:40:59.999000+00:00,2292208.74429310,4917,9.54310000,820344.41436320,0
2026-10-02 14:41:00+00:00,85986.62,86009.57,85931.01,86009.57,18.71237,2026-10-02 14:41:59.999000+00:00,1608590.02376510,5854,8.41527000,723375.61452550,0
2026-10-02 14:42:00+00:00,86009.56,86050.73,86001.0,86002.01,123.11968,2026-10-02 14:42:59.999000+00:00,10592142.63808910,5179,24.74653000,2128881.66759720,0
2026-10-02 14:43:00+00:00,86002.01,86010.0,85978.21,86003.19,32.50541,2026-10-02 14:43:59.999000+00:00,2795378.26372770,3454,15.77238000,1356295.09717330,0
2026-10-02 14:44:00+00:00,86003.2,86003.2,85884.0,85954.0,41.64966,2026-10-02 14:44:59.999000+00:00,3579954.64010700,5970,10.36061000,890281.74040890,0
2026-10-02 14:45:00+00:00,85954.0,85970.01,85883.3,85883.3,27.07305,2026-10-02 14:45:59.999000+00:00,2326279.29845780,8039,12.68174000,1089658.77001980,0
2026-10-02 14:46:00+00:00,85883.3,85975.23,85883.3,85967.7,17.39872,2026-10-02 14:46:59.999000+00:00,1495075.13701160,3555,11.14430000,957513.03233210,0
2026-10-02 14:47:00+00:00,85967.7,86037.93,85952.18,86034.01,22.52547,2026-10-02 14:47:59.999000+00:00,1937012.13257760,3601,15.86482000,1364277.39894870,0
2026-10-02 14:48:00+00:00,86034.01,86055.47,86031.31,86055.46,8.54573,2026-10-02 14:48:59.999000+00:00,735235.49899260,1520,4.85719000,417885.63369480,0
2026-10-02 14:49:00+00:00,86055.46,86056.0,85992.0,85996.33,11.59683,2026-10-02 14:49:59.999000+00:00,997512.26458120,3166,3.54392000,304774.13398820,0
2026-10-02 14:50:00+00:00,85996.33,85996.34,85933.35,85942.0,15.01577,2026-10-02 14:50:59.999000+00:00,1290816.18782270,4824,5.32487000,457725.18758000,0
2026-10-02 14:51:00+00:00,85942.01,85942.01,85850.0,85875.99,17.34563,2026-10-02 14:51:59.999000+00:00,1489811.15368080,4567,6.77643000,581937.62473360,0
2026-10-02 14:52:00+00:00,85875.99,85876.0,85705.45,85818.0,44.76928,2026-10-02 14:52:59.999000+00:00,3840680.42922780,9582,16.15082000,1385118.78001430,0
2026-10-02 14:53:00+00:00,85818.01,85846.01,85744.78,85747.89,27.04373,2026-10-02 14:53:59.999000+00:00,2320496.59428740,7068,10.08461000,865282.38479300,0
2026-10-02 14:54:00+00:00,85747.89,85747.9,85523.96,85530.33,82.32151,2026-10-02 14:54:59.999000+00:00,7048019.63886140,10205,24.74395000,2118188.07614870,0
2026-10-02 14:55:00+00:00,85530.34,85639.29,85394.44,85628.79,89.31834,2026-10-02 14:55:59.999000+00:00,7637457.69647730,13992,32.14696000,2749299.10617430,0
2026-10-02 14:56:00+00:00,85628.78,85693.99,85541.16,85693.98,40.42648,2026-10-02 14:56:59.999000+00:00,3461350.33969130,8265,25.18926000,2156763.51954330,0
2026-10-02 14:57:00+00:00,85693.98,85743.81,85675.92,85732.83,23.70809,2026-10-02 14:57:59.999000+00:00,2032124.87979940,4607,13.33126000,1142614.89517310,0
2026-10-02 14:58:00+00:00,85732.82,85742.16,85688.57,85691.32,24.68786,2026-10-02 14:58:59.999000+00:00,2116145.37442670,3367,17.49842000,1499916.04844990,0
2026-10-02 14:59:00+00:00,85691.32,85712.68,85647.71,85686.93,18.13362,2026-10-02 14:59:59.999000+00:00,1553836.33654730,3642,6.57207000,563112.44346500,0
2026-10-02 15:00:00+00:00,85686.93,85758.81,85672.55,85680.01,28.92092,2026-10-02 15:00:59.999000+00:00,2479226.77280070,7880,19.70072000,1688831.82372350,0
2026-10-02 15:01:00+00:00,85680.0,85710.87,85654.5,85697.13,15.39224,2026-10-02 15:01:59.999000+00:00,1318891.83526620,4680,8.94652000,766588.37220140,0
2026-10-02 15:02:00+00:00,85697.14,85714.01,85600.0,85610.86,15.22643,2026-10-02 15:02:59.999000+00:00,1304291.64393230,5952,4.94710000,423697.05705610,0
2026-10-02 15:03:00+00:00,85610.1,85639.2,85564.0,85594.3,10.56107,2026-10-02 15:03:59.999000+00:00,903975.96754870,4932,3.12948000,267832.22605190,0
2026-10-02 15:04:00+00:00,85594.3,85626.78,85546.94,85575.05,10.11737,2026-10-02 15:04:59.999000+00:00,865938.37024190,5133,3.58338000,306689.75041740,0
2026-10-02 15:05:00+00:00,85575.06,85599.35,85432.3,85462.75,38.01484,2026-10-02 15:05:59.999000+00:00,3250979.01642320,8805,9.64833000,824863.22063900,0
2026-10-02 15:06:00+00:00,85462.74,85494.01,85431.11,85493.88,50.05807,2026-10-02 15:06:59.999000+00:00,4278186.24212370,6954,40.08070000,3425504.90841840,0
2026-10-02 15:07:00+00:00,85493.87,85513.52,85366.0,85370.86,41.24955,2026-10-02 15:07:59.999000+00:00,3524226.80022970,7704,12.93934000,1105395.26766720,0
2026-10-02 15:08:00+00:00,85370.86,85518.0,85370.02,85516.01,38.89823,2026-10-02 15:08:59.999000+00:00,3323954.44965190,6472,25.36520000,2168036.14878450,0
2026-10-02 15:09:00+00:00,85516.02,85572.0,85456.0,85528.01,41.37895,2026-10-02 15:09:59.999000+00:00,3538574.16287850,7616,19.98748000,1709379.99975170,0
2026-10-02 15:10:00+00:00,85528.02,85610.0,85515.66,85599.99,33.47591,2026-10-02 15:10:59.999000+00:00,2864142.89400050,8013,20.20579000,1728773.79930660,0
2026-10-02 15:11:00+00:00,85600.0,85624.0,85549.39,85585.07,14.54229,2026-10-02 15:11:59.999000+00:00,1244716.80306980,5613,4.62418000,395768.55814260,0
2026-10-02 15:12:00+00:00,85585.06,85609.55,85498.0,85509.71,16.23965,2026-10-02 15:12:59.999000+00:00,1389306.51921910,5917,4.61665000,394926.00884010,0
2026-10-02 15:13:00+00:00,85509.72,85592.01,85487.43,85592.01,11.63679,2026-10-02 15:13:59.999000+00:00,995213.00156900,3801,7.84668000,671119.23395240,0
2026-10-02 15:14:00+00:00,85592.01,85639.2,85592.0,85639.2,8.52334,2026-10-02 15:14:59.999000+00:00,729781.31830460,2012,5.11974000,438347.87226910,0
2026-10-02 15:15:00+00:00,85639.19,85688.03,85566.0,85566.01,24.82717,2026-10-02 15:15:59.999000+00:00,2125986.38524030,7690,5.87547000,503203.23020690,0
2026-10-02 15:16:00+00:00,85566.0,85566.0,85466.0,85466.0,27.41606,2026-10-02 15:16:59.999000+00:00,2344704.21956290,5731,4.68408000,400594.86126910,0
2026-10-02 15:17:00+00:00,85466.0,85538.98,85464.82,85520.0,20.48275,2026-10-02 15:17:59.999000+00:00,1751130.91693560,5700,6.56804000,561505.15817980,0
2026-10-02 15:18:00+00:00,85520.0,85605.94,85520.0,85605.94,5.85259,2026-10-02 15:18:59.999000+00:00,500824.70228400,2492,3.56727000,305222.27527020,0
2026-10-02 15:19:00+00:00,85605.93,85622.61,85542.46,85544.11,25.14902,2026-10-02 15:19:59.999000+00:00,2152623.44646650,3580,6.10026000,522145.19506180,0
2026-10-02 15:20:00+00:00,85544.1,85573.77,85500.0,85500.01,26.95394,2026-10-02 15:20:59.999000+00:00,2305790.90075760,5267,3.24941000,277961.70512430,0
2026-10-02 15:21:00+00:00,85500.01,85572.01,85500.01,85534.0,14.25907,2026-10-02 15:21:59.999000+00:00,1219818.74674110,4932,4.82847000,412982.06507420,0
2026-10-02 15:22:00+00:00,85534.01,85571.64,85492.35,85492.35,19.18438,2026-10-02 15:22:59.999000+00:00,1640900.39041230,3161,2.84178000,243111.70702920,0
2026-10-02 15:23:00+00:00,85492.35,85502.0,85473.0,85484.77,17.93831,2026-10-02 15:23:59.999000+00:00,1533524.24885140,4481,3.87813000,331512.36454510,0
2026-10-02 15:24:00+00:00,85484.77,85486.01,85354.27,85376.53,43.67843,2026-10-02 15:24:59.999000+00:00,3730274.35632480,5155,9.81529000,838084.75510400,0
2026-10-02 15:25:00+00:00,85376.52,85394.01,85315.86,85374.0,22.82944,2026-10-02 15:25:59.999000+00:00,1948700.01871040,5661,9.88832000,844051.08767780,0
2026-10-02 15:26:00+00:00,85374.01,85492.5,85358.01,85492.49,20.87677,2026-10-02 15:26:59.999000+00:00,1782841.26679940,5005,7.88325000,673349.25839530,0
2026-10-02 15:27:00+00:00,85492.49,85550.01,85488.0,85532.0,11.59377,2026-10-02 15:27:59.999000+00:00,991526.88795160,4604,5.17911000,442936.36382220,0
2026-10-02 15:28:00+00:00,85532.01,85550.01,85520.53,85520.53,12.77831,2026-10-02 15:28:59.999000+00:00,1093018.79118530,2040,4.03411000,345058.76140140,0
2026-10-02 15:29:00+00:00,85520.54,85520.54,85446.0,85484.01,13.30602,2026-10-02 15:29:59.999000+00:00,1137506.97210640,2960,3.73227000,319014.49770560,0
2026-10-02 15:30:00+00:00,85484.0,85554.46,85459.34,85480.01,49.45651,2026-10-02 15:30:59.999000+00:00,4228659.19296880,8113,25.02790000,2139931.76310260,0
2026-10-02 15:31:00+00:00,85480.0,85544.01,85474.54,85483.3,21.12579,2026-10-02 15:31:59.999000+00:00,1806332.18972810,5071,6.38188000,545651.02906720,0
2026-10-02 15:32:00+00:00,85483.31,85496.01,85414.01,85460.01,17.81429,2026-10-02 15:32:59.999000+00:00,1522328.09697150,3742,4.39274000,375376.60895340,0
2026-10-02 15:33:00+00:00,85460.01,85532.52,85440.04,85522.01,10.89049,2026-10-02 15:33:59.999000+00:00,930892.20672790,3464,4.92460000,420950.14695820,0
2026-10-02 15:34:00+00:00,85522.0,85530.0,85420.44,85424.01,16.60333,2026-10-02 15:34:59.999000+00:00,1419317.64806860,4242,3.98257000,340416.42386490,0
2026-10-02 15:35:00+00:00,85424.01,85526.01,85420.44,85502.0,29.65564,2026-10-02 15:35:59.999000+00:00,2534543.35934360,4823,23.35154000,1995651.57504250,0
2026-10-02 15:36:00+00:00,85502.01,85505.18,85446.01,85474.57,16.20023,2026-10-02 15:36:59.999000+00:00,1384811.45237600,3871,5.03916000,430750.40788540,0
2026-10-02 15:37:00+00:00,85474.58,85510.0,85404.01,85418.0,17.7841,2026-10-02 15:37:59.999000+00:00,1519646.90055500,3843,4.52230000,386428.07238450,0
2026-10-02 15:38:00+00:00,85418.01,85454.01,85400.0,85454.0,8.54018,2026-10-02 15:38:59.999000+00:00,729513.81424870,2961,3.07050000,262294.56730520,0
2026-10-02 15:39:00+00:00,85454.0,85454.0,85405.26,85428.01,11.229,2026-10-02 15:39:59.999000+00:00,959177.11386510,2765,6.71650000,573691.99116110,0
2026-10-02 15:40:00+00:00,85428.0,85428.0,85372.0,85384.01,18.05258,2026-10-02 15:40:59.999000+00:00,1541673.13158880,2361,10.06731000,859728.94659740,0
2026-10-02 15:41:00+00:00,85384.0,85384.01,85325.96,85375.17,10.55926,2026-10-02 15:41:59.999000+00:00,901233.96927340,4389,4.86866000,415518.98085560,0
2026-10-02 15:42:00+00:00,85375.17,85440.01,85349.87,85440.0,22.44611,2026-10-02 15:42:59.999000+00:00,1916876.89590610,2994,12.80957000,1093758.57637070,0
2026-10-02 15:43:00+00:00,85440.01,85456.01,85341.49,85341.49,9.96761,2026-10-02 15:43:59.999000+00:00,851360.44442190,4323,2.39812000,204872.44416860,0
2026-10-02 15:44:00+00:00,85341.49,85354.01,85328.66,85341.49,5.49936,2026-10-02 15:44:59.999000+00:00,469310.38542550,1865,2.98848000,255031.37087560,0
2026-10-02 15:45:00+00:00,85341.5,85368.01,85324.46,85324.52,8.58896,2026-10-02 15:45:59.999000+00:00,733094.56297630,2887,4.71436000,402404.52467650,0
2026-10-02 15:46:00+00:00,85324.52,85341.52,85300.0,85325.44,13.48227,2026-10-02 15:46:59.999000+00:00,1150340.61243540,3837,4.06435000,346783.38891660,0
2026-10-02 15:47:00+00:00,85325.44,85368.0,85325.43,85363.99,7.52646,2026-10-02 15:47:59.999000+00:00,642361.70542580,2536,4.51455000,385305.34446790,0
2026-10-02 15:48:00+00:00,85364.0,85450.0,85363.99,85396.01,9.82837,2026-10-02 15:48:59.999000+00:00,839561.66932160,2971,5.13437000,438547.36831500,0
2026-10-02 15:49:00+00:00,85396.0,85396.0,85352.0,85393.81,6.44261,2026-10-02 15:49:59.999000+00:00,550041.49920190,2654,3.34113000,285247.12495440,0
2026-10-02 15:50:00+00:00,85394.0,85432.0,85344.5,85364.0,14.67911,2026-10-02 15:50:59.999000+00:00,1253529.18287010,3680,2.97879000,254332.49597840,0
2026-10-02 15:51:00+00:00,85364.0,85442.0,85364.0,85420.01,11.73096,2026-10-02 15:51:59.999000+00:00,1001956.87598420,2230,8.91019000,760969.16969080,0
2026-10-02 15:52:00+00:00,85420.01,85420.01,85300.51,85320.72,17.51266,2026-10-02 15:52:59.999000+00:00,1494669.30986680,6008,3.77166000,321903.63635950,0
2026-10-02 15:53:00+00:00,85320.73,85356.01,85296.7,85296.7,31.40406,2026-10-02 15:53:59.999000+00:00,2679310.99748590,4463,10.41685000,888717.60282750,0
2026-10-02 15:54:00+00:00,85296.71,85340.01,85237.35,85258.04,22.86641,2026-10-02 15:54:59.999000+00:00,1950002.84674650,6380,7.22530000,616134.61583610,0
2026-10-02 15:55:00+00:00,85258.04,85258.04,85162.9,85212.01,48.10674,2026-10-02 15:55:59.999000+00:00,4098644.57226330,7779,9.30316000,792604.56351220,0
2026-10-02 15:56:00+00:00,85212.01,85282.0,85212.0,85268.01,11.19291,2026-10-02 15:56:59.999000+00:00,954336.52325840,4316,6.67207000,568882.68939770,0
2026-10-02 15:57:00+00:00,85268.01,85293.34,85268.0,85274.0,12.54539,2026-10-02 15:57:59.999000+00:00,1069859.05345600,2528,7.61410000,649325.60600450,0
2026-10-02 15:58:00+00:00,85274.01,85307.53,85270.87,85288.01,7.65246,2026-10-02 15:58:59.999000+00:00,652697.68780000,2541,4.11983000,351391.60179700,0
2026-10-02 15:59:00+00:00,85288.01,85326.01,85274.01,85326.0,10.03239,2026-10-02 15:59:59.999000+00:00,855716.32882170,1624,5.54397000,472895.83565560,0
2026-10-02 16:00:00+00:00,85326.0,85367.89,85318.0,85358.02,17.28456,2026-10-02 16:00:59.999000+00:00,1475165.31177530,4046,7.08789000,604899.14102820,0
2026-10-02 16:01:00+00:00,85358.02,85476.01,85358.02,85476.01,25.40295,2026-10-02 16:01:59.999000+00:00,2169931.75396470,5201,21.34605000,1823367.71589850,0
2026-10-02 16:02:00+00:00,85476.01,85508.0,85448.0,85460.85,28.21995,2026-10-02 16:02:59.999000+00:00,2412387.65434770,6095,11.12855000,951299.73523680,0
2026-10-02 16:03:00+00:00,85460.84,85466.01,85408.96,85418.0,12.64365,2026-10-02 16:03:59.999000+00:00,1080212.40191770,5339,7.50392000,641074.38890780,0
2026-10-02 16:04:00+00:00,85418.01,85480.17,85386.72,85480.17,7.75199,2026-10-02 16:04:59.999000+00:00,662269.62862960,3780,5.99455000,512151.38797520,0
2026-10-02 16:05:00+00:00,85480.7,85496.01,85400.0,85400.01,9.59568,2026-10-02 16:05:59.999000+00:00,819898.80021880,4254,3.17403000,271205.64510000,0
2026-10-02 16:06:00+00:00,85400.0,85423.53,85330.0,85344.0,13.10527,2026-10-02 16:06:59.999000+00:00,1118845.76219470,4428,4.75318000,405690.92365310,0
2026-10-02 16:07:00+00:00,85344.0,85372.01,85278.0,85278.0,14.60809,2026-10-02 16:07:59.999000+00:00,1246636.42762510,3897,7.57157000,646239.37348660,0
2026-10-02 16:08:00+00:00,85278.0,85331.83,85239.05,85316.01,18.05472,2026-10-02 16:08:59.999000+00:00,1539926.37951090,5307,5.74577000,489935.13760930,0
2026-10-02 16:09:00+00:00,85316.0,85316.01,85264.0,85296.01,10.71565,2026-10-02 16:09:59.999000+00:00,913953.10403050,4022,4.41214000,376306.70897510,0
2026-10-02 16:10:00+00:00,85296.0,85311.22,85200.0,85210.0,17.44383,2026-10-02 16:10:59.999000+00:00,1487102.74980600,5150,4.28231000,365081.09662100,0
2026-10-02 16:11:00+00:00,85210.01,85230.0,85142.85,85142.85,20.62574,2026-10-02 16:11:59.999000+00:00,1757025.35092240,5024,12.01566000,1023563.30932110,0
2026-10-02 16:12:00+00:00,85142.86,85184.01,85142.85,85151.94,13.8844,2026-10-02 16:12:59.999000+00:00,1182510.77582820,3869,4.57953000,389979.98363820,0
2026-10-02 16:13:00+00:00,85151.94,85252.01,85148.0,85198.0,15.59776,2026-10-02 16:13:59.999000+00:00,1329000.34027990,3962,10.23577000,872072.19298520,0
2026-10-02 16:14:00+00:00,85198.01,85232.01,85181.75,85208.01,6.21414,2026-10-02 16:14:59.999000+00:00,529496.21170550,2614,3.51583000,299572.04109990,0
2026-10-02 16:15:00+00:00,85208.01,85256.01,85200.01,85250.01,12.01258,2026-10-02 16:15:59.999000+00:00,1023842.72315050,3898,8.18055000,697225.23000400,0
2026-10-02 16:16:00+00:00,85250.01,85283.39,85242.01,85283.39,21.81976,2026-10-02 16:16:59.999000+00:00,1860278.89204590,3191,17.48712000,1490854.41374090,0
2026-10-02 16:17:00+00:00,85283.39,85304.01,85266.0,85292.0,10.54313,2026-10-02 16:17:59.999000+00:00,899209.57394470,2922,5.74680000,490142.57820620,0
2026-10-02 16:18:00+00:00,85292.01,85339.37,85286.0,85286.01,9.51431,2026-10-02 16:18:59.999000+00:00,811675.75239850,3610,4.99615000,426219.46930270,0
2026-10-02 16:19:00+00:00,85286.01,85328.82,85286.01,85308.01,7.82071,2026-10-02 16:19:59.999000+00:00,667163.91076010,2319,4.21692000,359733.15883020,0
2026-10-02 16:20:00+00:00,85308.0,85312.71,85270.04,85303.49,5.7818,2026-10-02 16:20:59.999000+00:00,493133.98960270,2201,3.53146000,301194.09150440,0
2026-10-02 16:21:00+00:00,85303.5,85310.01,85274.0,85302.67,8.26758,2026-10-02 16:21:59.999000+00:00,705220.44848380,2349,2.85784000,243761.56257600,0
2026-10-02 16:22:00+00:00,85302.66,85302.67,85210.0,85241.07,12.26331,2026-10-02 16:22:59.999000+00:00,1045407.68584030,3258,4.37137000,372559.32677340,0
2026-10-02 16:23:00+00:00,85241.07,85241.08,85168.0,85172.0,9.7365,2026-10-02 16:23:59.999000+00:00,829459.17317450,3750,2.61633000,222857.29872040,0
2026-10-02 16:24:00+00:00,85172.01,85202.01,85122.0,85162.01,13.46001,2026-10-02 16:24:59.999000+00:00,1146299.08456410,4620,5.89617000,502138.20164190,0
2026-10-02 16:25:00+00:00,85162.01,85212.01,85152.07,85152.08,10.00986,2026-10-02 16:25:59.999000+00:00,852706.36815670,3816,2.99440000,255071.96192450,0
2026-10-02 16:26:00+00:00,85152.07,85190.01,85152.07,85169.38,4.4992,2026-10-02 16:26:59.999000+00:00,383226.00216420,2313,1.74409000,148546.80746910,0
2026-10-02 16:27:00+00:00,85169.37,85238.01,85164.04,85232.0,8.02169,2026-10-02 16:27:59.999000+00:00,683497.42761060,2452,6.29220000,536120.07938600,0
2026-10-02 16:28:00+00:00,85232.01,85232.01,85208.0,85223.48,4.22364,2026-10-02 16:28:59.999000+00:00,359955.28256460,1574,1.31136000,111755.60413380,0
2026-10-02 16:29:00+00:00,85223.48,85223.49,85178.69,85178.7,10.07463,2026-10-02 16:29:59.999000+00:00,858387.06082820,1430,1.84180000,156933.53882780,0
2026-10-02 16:30:00+00:00,85178.69,85230.01,85178.69,85224.0,4.54318,2026-10-02 16:30:59.999000+00:00,387131.48116740,2637,3.33209000,283924.98158190,0
2026-10-02 16:31:00+00:00,85224.01,85230.63,85168.0,85168.01,6.88884,2026-10-02 16:31:59.999000+00:00,586980.19110830,1907,0.79329000,67603.99819530,0
2026-10-02 16:32:00+00:00,85168.01,85176.01,85150.0,85172.0,12.26795,2026-10-02 16:32:59.999000+00:00,1044799.29482900,2943,3.62571000,308769.18365570,0
2026-10-02 16:33:00+00:00,85172.01,85202.01,85172.01,85198.01,5.91571,2026-10-02 16:33:59.999000+00:00,503962.30862190,3106,3.12802000,266474.56908540,0
2026-10-02 16:34:00+00:00,85198.0,85238.01,85194.0,85194.0,8.77771,2026-10-02 16:34:59.999000+00:00,748007.62536580,2303,4.14431000,353175.61661470,0
2026-10-02 16:35:00+00:00,85194.01,85228.65,85190.01,85196.01,5.49024,2026-10-02 16:35:59.999000+00:00,467839.25052990,2849,1.79664000,153098.09849560,0
2026-10-02 16:36:00+00:00,85196.0,85196.01,85166.0,85172.0,8.90939,2026-10-02 16:36:59.999000+00:00,758908.46124820,2128,1.92167000,163682.03058270,0
2026-10-02 16:37:00+00:00,85172.01,85182.01,85132.0,85132.01,11.95695,2026-10-02 16:37:59.999000+00:00,1018314.09366390,2782,3.22776000,274887.94982740,0
2026-10-02 16:38:00+00:00,85132.0,85162.01,85124.7,85127.99,9.18349,2026-10-02 16:38:59.999000+00:00,781868.97030310,2355,4.14635000,353009.16191430,0
2026-10-02 16:39:00+00:00,85127.99,85143.31,85113.78,85113.78,22.17723,2026-10-02 16:39:59.999000+00:00,1887907.91301880,1738,4.24667000,361536.62072130,0
2026-10-02 16:40:00+00:00,85113.79,85135.95,85112.0,85124.0,6.76943,2026-10-02 16:40:59.999000+00:00,576236.24536720,1900,3.57523000,304314.02477630,0
2026-10-02 16:41:00+00:00,85124.01,85124.01,85064.05,85064.05,15.88599,2026-10-02 16:41:59.999000+00:00,1351771.74473080,3462,3.68866000,313848.89507700,0
2026-10-02 16:42:00+00:00,85064.05,85073.54,85018.0,85073.54,17.09148,2026-10-02 16:42:59.999000+00:00,1453471.50413140,4000,6.62379000,563321.93317640,0
2026-10-02 16:43:00+00:00,85073.55,85145.83,85073.55,85134.01,25.76722,2026-10-02 16:43:59.999000+00:00,2193276.71016060,3296,19.45492000,1655873.34924210,0
2026-10-02 16:44:00+00:00,85134.0,85192.0,85134.0,85192.0,6.14309,2026-10-02 16:44:59.999000+00:00,523192.40749970,1492,4.35646000,371019.76874640,0
2026-10-02 16:45:00+00:00,85192.0,85262.0,85192.0,85262.0,13.53166,2026-10-02 16:45:59.999000+00:00,1153456.55949660,2650,8.37546000,713895.89462970,0
2026-10-02 16:46:00+00:00,85262.01,85296.97,85260.0,85260.0,10.43652,2026-10-02 16:46:59.999000+00:00,890063.00997370,2872,5.20233000,443652.60405600,0
2026-10-02 16:47:00+00:00,85260.01,85268.01,85236.01,85248.01,7.49428,2026-10-02 16:47:59.999000+00:00,638919.40886150,2245,3.28035000,279659.47222210,0
2026-10-02 16:48:00+00:00,85248.01,85264.01,85228.68,85236.0,7.00471,2026-10-02 16:48:59.999000+00:00,597115.59687210,1881,3.21583000,274107.27268750,0
2026-10-02 16:49:00+00:00,85236.01,85284.01,85234.0,85268.34,5.12677,2026-10-02 16:49:59.999000+00:00,437141.85333900,2020,2.18634000,186407.44399950,0
2026-10-02 16:50:00+00:00,85268.34,85268.34,85232.01,85256.01,7.19187,2026-10-02 16:50:59.999000+00:00,613120.80861480,2074,2.86809000,244478.52168440,0
2026-10-02 16:51:00+00:00,85256.01,85296.97,85182.0,85200.01,11.99051,2026-10-02 16:51:59.999000+00:00,1022079.92328980,3875,3.72739000,317731.79478140,0
2026-10-02 16:52:00+00:00,85200.01,85204.01,85176.0,85176.0,6.39003,2026-10-02 16:52:59.999000+00:00,544385.09901350,2397,3.23088000,275255.69960140,0
2026-10-02 16:53:00+00:00,85176.0,85196.01,85164.22,85164.23,6.63993,2026-10-02 16:53:59.999000+00:00,565590.30925390,1812,3.09915000,263986.58207540,0
2026-10-02 16:54:00+00:00,85164.23,85184.01,85164.23,85170.0,4.26621,2026-10-02 16:54:59.999000+00:00,363378.11935090,2041,2.29961000,195866.69948570,0
2026-10-02 16:55:00+00:00,85170.01,85194.01,85164.22,85164.23,5.37348,2026-10-02 16:55:59.999000+00:00,457691.93160150,1939,1.72208000,146683.50799720,0
2026-10-02 16:56:00+00:00,85164.22,85164.22,85094.0,85132.0,19.35399,2026-10-02 16:56:59.999000+00:00,1647425.47372880,2857,9.44667000,804060.38686840,0
2026-10-02 16:57:00+00:00,85132.0,85196.01,85132.0,85176.0,10.115,2026-10-02 16:57:59.999000+00:00,861464.90752650,2240,3.48503000,296791.63397680,0
2026-10-02 16:58:00+00:00,85176.0,85196.01,85170.0,85188.0,6.88723,2026-10-02 16:58:59.999000+00:00,586648.25692440,1559,2.80082000,238580.74873840,0
2026-10-02 16:59:00+00:00,85188.0,85188.0,85138.0,85160.01,5.98195,2026-10-02 16:59:59.999000+00:00,509396.02061430,1868,2.13645000,181915.65516110,0
2026-10-02 17:00:00+00:00,85160.0,85182.0,85146.01,85182.0,4.65976,2026-10-02 17:00:59.999000+00:00,396848.12206240,2577,2.56991000,218872.27994370,0
2026-10-02 17:01:00+00:00,85182.0,85258.01,85181.99,85258.01,23.26966,2026-10-02 17:01:59.999000+00:00,1983018.07096370,1978,15.16765000,1292340.67611810,0
2026-10-02 17:02:00+00:00,85258.0,85258.0,85249.47,85251.33,4.2567,2026-10-02 17:02:59.999000+00:00,362895.99123250,1370,2.03580000,173556.19274010,0
2026-10-02 17:03:00+00:00,85251.34,85251.34,85226.36,85230.01,3.26983,2026-10-02 17:03:59.999000+00:00,278714.28410210,966,0.88143000,75125.34490910,0
2026-10-02 17:04:00+00:00,85230.01,85230.01,85190.0,85197.81,5.3733,2026-10-02 17:04:59.999000+00:00,457868.22099340,1431,1.28180000,109220.54851260,0
2026-10-02 17:05:00+00:00,85197.81,85220.01,85189.29,85206.01,4.83501,2026-10-02 17:05:59.999000+00:00,411943.97613050,2190,3.27292000,278840.82696350,0
2026-10-02 17:06:00+00:00,85206.01,85226.01,85132.28,85132.29,9.79469,2026-10-02 17:06:59.999000+00:00,834281.67382310,3175,2.21000000,188295.12057350,0
2026-10-02 17:07:00+00:00,85132.28,85144.01,85103.7,85110.01,13.0521,2026-10-02 17:07:59.999000+00:00,1111028.42008760,3039,4.31005000,366867.16292500,0
2026-10-02 17:08:00+00:00,85110.0,85156.01,85105.36,85105.36,21.09019,2026-10-02 17:08:59.999000+00:00,1795466.77079960,3544,5.07672000,432146.64528580,0
2026-10-02 17:09:00+00:00,85105.36,85114.01,85102.68,85114.01,12.72054,2026-10-02 17:09:59.999000+00:00,1082611.62947960,1535,1.90837000,162419.20131220,0
2026-10-02 17:10:00+00:00,85114.0,85114.01,85097.87,85097.87,15.62169,2026-10-02 17:10:59.999000+00:00,1329482.03273850,684,0.22543000,19184.76853070,0
2026-10-02 17:11:00+00:00,85097.87,85097.88,85034.0,85062.01,23.44702,2026-10-02 17:11:59.999000+00:00,1994515.99076660,3693,4.85920000,413260.93043810,0
2026-10-02 17:12:00+00:00,85062.02,85098.01,85048.0,85090.0,14.13977,2026-10-02 17:12:59.999000+00:00,1202829.89600040,2836,4.36331000,371159.07624190,0
2026-10-02 17:13:00+00:00,85090.0,85090.01,85030.99,85034.7,11.80683,2026-10-02 17:13:59.999000+00:00,1004220.50476860,3097,0.56096000,47709.14739660,0
2026-10-02 17:14:00+00:00,85034.71,85046.01,84914.07,84919.91,72.27327,2026-10-02 17:14:59.999000+00:00,6141439.91962240,9211,12.58093000,1068897.20564120,0
2026-10-02 17:15:00+00:00,84919.91,84948.7,84723.7,84735.16,72.02857,2026-10-02 17:15:59.999000+00:00,6109614.88900750,10635,18.43160000,1562545.79529690,0
2026-10-02 17:16:00+00:00,84735.16,84874.43,84718.85,84874.42,36.21366,2026-10-02 17:16:59.999000+00:00,3070464.73433460,5997,14.18072000,1202343.95121020,0
2026-10-02 17:17:00+00:00,84874.42,84897.99,84811.3,84833.99,17.41569,2026-10-02 17:17:59.999000+00:00,1477869.56234090,4918,4.84621000,411219.27058450,0
2026-10-02 17:18:00+00:00,84834.0,84903.21,84833.99,84889.5,10.71507,2026-10-02 17:18:59.999000+00:00,909300.19821350,2680,6.58920000,559157.01962280,0
2026-10-02 17:19:00+00:00,84889.5,84958.65,84889.5,84950.01,12.56231,2026-10-02 17:19:59.999000+00:00,1067022.19595010,2319,5.84461000,496423.24446190,0
2026-10-02 17:20:00+00:00,84950.01,84962.01,84887.44,84929.83,7.28656,2026-10-02 17:20:59.999000+00:00,618839.39295660,2440,3.23561000,274767.38804570,0
2026-10-02 17:21:00+00:00,84929.84,84931.47,84862.06,84931.47,10.23436,2026-10-02 17:21:59.999000+00:00,868780.26870660,2768,5.52672000,469162.54946840,0
2026-10-02 17:22:00+00:00,84931.47,84982.01,84931.47,84948.19,13.34208,2026-10-02 17:22:59.999000+00:00,1133612.71061860,2244,5.75260000,488718.80226880,0
2026-10-02 17:23:00+00:00,84948.18,84948.19,84860.88,84867.83,4.77115,2026-10-02 17:23:59.999000+00:00,405069.14010200,2228,1.71123000,145273.57443090,0
2026-10-02 17:24:00+00:00,84867.84,84867.84,84300.0,84729.12,676.42738,2026-10-02 17:24:59.999000+00:00,57256179.74660420,25454,106.76014000,9042139.84660540,0
2026-10-02 17:25:00+00:00,84729.12,84732.55,84300.0,84704.34,626.08082,2026-10-02 17:25:59.999000+00:00,52936382.79446150,36572,139.32554000,11791686.69994080,0
2026-10-02 17:26:00+00:00,84703.85,84726.42,84653.13,84690.51,25.72349,2026-10-02 17:26:59.999000+00:00,2178482.22113960,4119,9.54217000,808053.64124420,0
2026-10-02 17:27:00+00:00,84690.51,84695.96,84644.56,84676.21,15.26518,2026-10-02 17:27:59.999000+00:00,1292290.06946600,2479,5.50124000,465686.10751370,0
2026-10-02 17:28:00+00:00,84676.21,84709.01,84672.0,84672.01,45.02767,2026-10-02 17:28:59.999000+00:00,3813089.04967560,1867,25.94295000,2196773.87441520,0
2026-10-02 17:29:00+00:00,84672.01,84672.01,84386.78,84584.74,156.05751,2026-10-02 17:29:59.999000+00:00,13193496.87072170,7453,17.67234000,1495305.58458030,0
2026-10-02 17:30:00+00:00,84584.75,84700.07,84367.13,84684.0,386.88123,2026-10-02 17:30:59.999000+00:00,32700325.52985850,20802,135.77810000,11484299.81142930,0
2026-10-02 17:31:00+00:00,84682.7,84770.84,84681.02,84690.13,355.51237,2026-10-02 17:31:59.999000+00:00,30110642.79598820,3902,293.09723000,24823019.05230140,0
2026-10-02 17:32:00+00:00,84690.13,84775.81,84668.64,84771.19,124.59363,2026-10-02 17:32:59.999000+00:00,10552279.00704450,2162,111.43063000,9437508.49084370,0
2026-10-02 17:33:00+00:00,84771.19,84785.5,84747.96,84764.53,20.91219,2026-10-02 17:33:59.999000+00:00,1772687.37953590,1662,10.58012000,896819.61969030,0
2026-10-02 17:34:00+00:00,84764.52,84767.18,84764.52,84767.18,19.50245,2026-10-02 17:34:59.999000+00:00,1653155.33450230,746,19.21499000,1628788.69541330,0
2026-10-02 17:35:00+00:00,84767.17,84767.17,84520.88,84719.77,153.13345,2026-10-02 17:35:59.999000+00:00,12963093.39556110,3701,26.86456000,2275156.92321590,0
2026-10-02 17:36:00+00:00,84719.76,84719.77,84684.3,84684.3,12.07041,2026-10-02 17:36:59.999000+00:00,1022460.77887650,1266,3.82726000,324202.08051310,0
2026-10-02 17:37:00+00:00,84684.31,84706.26,84684.3,84696.85,7.40609,2026-10-02 17:37:59.999000+00:00,627291.03224780,1018,5.16853000,437766.65163170,0
2026-10-02 17:38:00+00:00,84696.85,84696.85,84648.59,84675.66,8.58354,2026-10-02 17:38:59.999000+00:00,726775.58020790,1242,4.21735000,357057.71760220,0
2026-10-02 17:39:00+00:00,84675.66,84675.66,84419.06,84557.7,163.20105,2026-10-02 17:39:59.999000+00:00,13795230.25482600,6193,34.42427000,2910425.36326150,0
2026-10-02 17:40:00+00:00,84557.71,84617.1,84557.7,84615.78,182.5879,2026-10-02 17:40:59.999000+00:00,15441053.97895480,2864,160.87129000,13604027.85676960,0
2026-10-02 17:41:00+00:00,84615.78,84631.29,84594.52,84611.67,9.36721,2026-10-02 17:41:59.999000+00:00,792615.96517470,1551,2.80197000,237083.48773590,0
2026-10-02 17:42:00+00:00,84611.67,84611.67,84497.86,84539.71,19.04535,2026-10-02 17:42:59.999000+00:00,1610709.35562960,2536,2.72439000,230412.49846990,0
2026-10-02 17:43:00+00:00,84539.72,84581.99,84432.68,84581.99,43.25825,2026-10-02 17:43:59.999000+00:00,3655234.74415650,3018,8.58516000,725647.01720660,0
2026-10-02 17:44:00+00:00,84581.99,84630.88,84581.98,84604.22,9.17309,2026-10-02 17:44:59.999000+00:00,776173.97434430,1913,4.64240000,392801.41693110,0
2026-10-02 17:45:00+00:00,84604.21,84634.61,84584.0,84584.01,11.60155,2026-10-02 17:45:59.999000+00:00,981638.25116570,2008,3.96324000,335330.00504310,0
2026-10-02 17:46:00+00:00,84584.01,84625.33,84584.0,84625.33,3.96505,2026-10-02 17:46:59.999000+00:00,335406.17955700,961,3.40101000,287693.87412040,0
2026-10-02 17:47:00+00:00,84625.33,84653.03,84624.0,84633.08,13.7861,2026-10-02 17:47:59.999000+00:00,1166800.48720900,1629,9.67263000,818641.87060780,0
2026-10-02 17:48:00+00:00,84633.08,84676.96,84633.07,84675.37,4.23318,2026-10-02 17:48:59.999000+00:00,358349.67589300,930,3.09998000,262423.52267190,0
2026-10-02 17:49:00+00:00,84675.38,84746.45,84675.37,84744.46,19.08595,2026-10-02 17:49:59.999000+00:00,1616970.43648980,1438,10.52327000,891513.29025610,0
2026-10-02 17:50:00+00:00,84744.45,84797.2,84686.0,84749.5,29.71052,2026-10-02 17:50:59.999000+00:00,2518058.62783850,3374,16.74452000,1419023.89370470,0
2026-10-02 17:51:00+00:00,84749.49,84792.01,84725.51,84792.0,10.12252,2026-10-02 17:51:59.999000+00:00,857827.27144030,1962,4.86829000,412598.79084280,0
2026-10-02 17:52:00+00:00,84792.0,84819.5,84772.27,84782.01,10.68104,2026-10-02 17:52:59.999000+00:00,905707.34996390,2268,4.05479000,343846.90143070,0
2026-10-02 17:53:00+00:00,84782.01,84805.29,84764.22,84764.23,5.42895,2026-10-02 17:53:59.999000+00:00,460316.71818170,1696,2.24361000,190231.03298100,0
2026-10-02 17:54:00+00:00,84764.22,84774.87,84750.0,84774.87,6.79038,2026-10-02 17:54:59.999000+00:00,575567.64195070,1060,5.44695000,461699.81602640,0
2026-10-02 17:55:00+00:00,84774.86,84774.87,84756.0,84759.99,3.98084,2026-10-02 17:55:59.999000+00:00,337452.37481520,1057,1.08083000,91618.06156070,0
2026-10-02 17:56:00+00:00,84759.99,84770.01,84759.99,84765.34,3.0578,2026-10-02 17:56:59.999000+00:00,259194.40005920,764,1.81872000,154161.96392470,0
2026-10-02 17:57:00+00:00,84765.34,84790.01,84762.88,84762.9,5.04074,2026-10-02 17:57:59.999000+00:00,427319.94900720,1600,1.53624000,130231.60277430,0
2026-10-02 17:58:00+00:00,84762.89,84770.01,84753.58,84770.0,2.91122,2026-10-02 17:58:59.999000+00:00,246753.73008630,1263,1.48042000,125479.35666830,0
2026-10-02 17:59:00+00:00,84770.01,84818.01,84770.0,84774.75,13.15053,2026-10-02 17:59:59.999000+00:00,1115069.40144810,1896,2.81745000,238904.40794000,0
2026-10-02 18:00:00+00:00,84774.75,84872.01,84768.0,84853.91,14.00962,2026-10-02 18:00:59.999000+00:00,1188518.58759660,4294,8.97408000,761285.01254680,0
2026-10-02 18:01:00+00:00,84853.92,84863.63,84810.26,84830.3,10.28767,2026-10-02 18:01:59.999000+00:00,872809.96873740,2469,3.73699000,317034.95547040,0
2026-10-02 18:02:00+00:00,84830.3,84854.01,84829.51,84854.01,7.70938,2026-10-02 18:02:59.999000+00:00,654091.49494100,2470,3.61568000,306765.94571260,0
2026-10-02 18:03:00+00:00,84854.01,84870.49,84834.71,84834.71,8.139,2026-10-02 18:03:59.999000+00:00,690632.74349870,2252,1.44112000,122295.24017260,0
2026-10-02 18:04:00+00:00,84834.71,84872.01,84817.04,84864.01,9.57716,2026-10-02 18:04:59.999000+00:00,812572.34235460,1919,6.32364000,536531.61222930,0
2026-10-02 18:05:00+00:00,84864.01,84864.01,84827.9,84827.91,9.2658,2026-10-02 18:05:59.999000+00:00,786180.88741400,1259,2.34743000,199158.98819850,0
2026-10-02 18:06:00+00:00,84827.91,84856.0,84808.52,84849.83,22.28882,2026-10-02 18:06:59.999000+00:00,1890720.51199460,2070,17.15006000,1454797.93344390,0
2026-10-02 18:07:00+00:00,84849.84,84870.17,84833.26,84854.38,13.53138,2026-10-02 18:07:59.999000+00:00,1148130.33290700,2340,7.91983000,671972.53412710,0
2026-10-02 18:08:00+00:00,84854.66,84854.67,84833.27,84845.11,8.42681,2026-10-02 18:08:59.999000+00:00,714978.70621500,1488,4.24715000,360343.37738060,0
2026-10-02 18:09:00+00:00,84845.11,84845.12,84796.0,84796.01,24.00421,2026-10-02 18:09:59.999000+00:00,2036331.82005980,1735,7.01288000,594981.21655320,0
2026-10-02 18:10:00+00:00,84796.0,84820.01,84796.0,84811.14,4.3239,2026-10-02 18:10:59.999000+00:00,366701.16736840,1211,2.54765000,216048.70822330,0
2026-10-02 18:11:00+00:00,84811.13,84836.01,84811.13,84836.01,5.59056,2026-10-02 18:11:59.999000+00:00,474193.15467280,836,3.68577000,312628.94397630,0
2026-10-02 18:12:00+00:00,84836.0,84851.89,84828.26,84828.26,6.88928,2026-10-02 18:12:59.999000+00:00,584515.56959230,1550,2.19416000,186170.02585330,0
2026-10-02 18:13:00+00:00,84828.26,84868.01,84820.0,84868.01,13.47174,2026-10-02 18:13:59.999000+00:00,1143076.65809920,1795,6.15783000,522420.87241440,0
2026-10-02 18:14:00+00:00,84868.01,84900.0,84868.0,84891.22,12.5794,2026-10-02 18:14:59.999000+00:00,1067877.66364980,1643,9.56362000,811854.56839140,0
2026-10-02 18:15:00+00:00,84891.21,84891.21,84851.89,84851.89,9.10927,2026-10-02 18:15:59.999000+00:00,773123.21172830,1989,2.68787000,228118.65096360,0
2026-10-02 18:16:00+00:00,84851.9,84851.9,84688.0,84688.01,72.50672,2026-10-02 18:16:59.999000+00:00,6145401.03425560,4435,8.59694000,728544.49706570,0
2026-10-02 18:17:00+00:00,84688.01,84699.22,84646.0,84689.96,18.5853,2026-10-02 18:17:59.999000+00:00,1573719.75035070,3473,7.05652000,597508.44899920,0
2026-10-02 18:18:00+00:00,84689.97,84742.63,84663.88,84663.89,11.2911,2026-10-02 18:18:59.999000+00:00,956420.37534970,3755,4.84456000,410408.53275650,0
2026-10-02 18:19:00+00:00,84663.89,84675.71,84658.68,84668.49,9.24816,2026-10-02 18:19:59.999000+00:00,783024.37957220,2121,4.90540000,415328.94242240,0
2026-10-02 18:20:00+00:00,84668.5,84687.0,84626.0,84639.82,16.0842,2026-10-02 18:20:59.999000+00:00,1361589.56203700,2561,4.17642000,353520.49780920,0
2026-10-02 18:21:00+00:00,84639.82,84654.01,84629.14,84639.28,5.61866,2026-10-02 18:21:59.999000+00:00,475591.02330230,1595,2.59337000,219500.87786710,0
2026-10-02 18:22:00+00:00,84639.28,84639.28,84605.2,84617.99,12.81451,2026-10-02 18:22:59.999000+00:00,1084283.51865060,1221,3.14137000,265797.01574500,0
2026-10-02 18:23:00+00:00,84617.99,84617.99,84567.08,84577.51,10.03757,2026-10-02 18:23:59.999000+00:00,849110.08503890,1715,2.68859000,227427.30101880,0
2026-10-02 18:24:00+00:00,84577.51,84601.31,84556.75,84601.3,7.48324,2026-10-02 18:24:59.999000+00:00,632854.58974460,2205,3.83315000,324178.36759750,0
2026-10-02 18:25:00+00:00,84601.31,84622.01,84583.77,84596.01,10.81402,2026-10-02 18:25:59.999000+00:00,914905.74030740,2792,3.26193000,275960.27388670,0
2026-10-02 18:26:00+00:00,84596.0,84596.01,84587.46,84587.47,2.8474,2026-10-02 18:26:59.999000+00:00,240869.00781300,576,1.01436000,85804.86992460,0
2026-10-02 18:27:00+00:00,84587.47,84587.47,84570.09,84570.1,9.93794,2026-10-02 18:27:59.999000+00:00,840535.62021670,1142,3.61841000,306038.26096720,0
2026-10-02 18:28:00+00:00,84570.1,84596.01,84570.09,84596.01,7.34496,2026-10-02 18:28:59.999000+00:00,621275.92120830,919,4.90244000,414653.66404610,0
2026-10-02 18:29:00+00:00,84596.0,84621.24,84596.0,84621.24,4.17965,2026-10-02 18:29:59.999000+00:00,353630.05668860,881,3.74253000,316645.97960350,0
2026-10-02 18:30:00+00:00,84621.25,84636.4,84550.0,84550.0,8.79234,2026-10-02 18:30:59.999000+00:00,743852.23502930,2601,1.88329000,159365.80429930,0
2026-10-02 18:31:00+00:00,84550.0,84558.25,84539.84,84549.04,20.23908,2026-10-02 18:31:59.999000+00:00,1711302.10104680,1035,2.78529000,235483.14810960,0
2026-10-02 18:32:00+00:00,84549.04,84574.01,84530.71,84572.0,3.86019,2026-10-02 18:32:59.999000+00:00,326391.97476470,1910,1.42686000,120642.99989810,0
2026-10-02 18:33:00+00:00,84572.0,84572.01,84516.66,84520.01,6.3282,2026-10-02 18:33:59.999000+00:00,534938.68540300,2009,2.95302000,249590.96244810,0
2026-10-02 18:34:00+00:00,84520.01,84534.0,84520.0,84521.35,4.85989,2026-10-02 18:34:59.999000+00:00,410803.06384180,1203,1.80331000,152428.12431390,0
2026-10-02 18:35:00+00:00,84521.36,84521.36,84390.0,84457.99,50.0004,2026-10-02 18:35:59.999000+00:00,4222791.40371270,6398,12.65006000,1068137.78252090,0
2026-10-02 18:36:00+00:00,84458.0,84500.3,84432.0,84500.3,8.78122,2026-10-02 18:36:59.999000+00:00,741674.18059980,4148,4.58367000,387146.36355940,0
2026-10-02 18:37:00+00:00,84500.3,84528.83,84470.0,84470.0,22.65739,2026-10-02 18:37:59.999000+00:00,1914366.74122500,3269,11.12047000,939509.97598360,0
2026-10-02 18:38:00+00:00,84470.01,84470.01,84376.44,84379.17,10.77609,2026-10-02 18:38:59.999000+00:00,909662.66533130,2103,2.97201000,250868.11230280,0
2026-10-02 18:39:00+00:00,84379.18,84379.18,84062.99,84072.35,115.17799,2026-10-02 18:39:59.999000+00:00,9696425.42460910,13850,31.60914000,2660455.54853730,0
2026-10-02 18:40:00+00:00,84072.34,84214.74,83944.81,84195.17,167.88232,2026-10-02 18:40:59.999000+00:00,14109431.18034590,14411,50.34411000,4232036.00231570,0
2026-10-02 18:41:00+00:00,84195.16,84196.46,83994.98,84046.26,28.49284,2026-10-02 18:41:59.999000+00:00,2395929.50908580,6100,7.36954000,619855.99279620,0
2026-10-02 18:42:00+00:00,84046.27,84120.15,83904.59,84100.82,40.89168,2026-10-02 18:42:59.999000+00:00,3435358.02398370,7117,20.69603000,1738451.16467660,0
2026-10-02 18:43:00+00:00,84100.82,84187.48,83932.12,83932.13,18.54594,2026-10-02 18:43:59.999000+00:00,1559391.35105930,5370,7.12584000,599466.96435130,0
2026-10-02 18:44:00+00:00,83932.13,84040.72,83900.0,84040.72,32.74668,2026-10-02 18:44:59.999000+00:00,2749266.74407080,5651,15.81190000,1327807.07365400,0
2026-10-02 18:45:00+00:00,84040.88,84063.03,84000.0,84037.41,10.36649,2026-10-02 18:45:59.999000+00:00,871244.11375390,2981,3.97707000,334213.22565110,0
2026-10-02 18:46:00+00:00,84037.4,84073.11,83969.41,84057.0,22.54204,2026-10-02 18:46:59.999000+00:00,1894097.98109720,4762,10.42102000,875693.46688820,0
2026-10-02 18:47:00+00:00,84056.99,84060.24,83888.0,83906.09,67.19404,2026-10-02 18:47:59.999000+00:00,5638313.42322920,3772,7.93267000,665665.72180110,0
2026-10-02 18:48:00+00:00,83906.08,83988.13,83906.08,83986.57,18.88685,2026-10-02 18:48:59.999000+00:00,1585355.84515510,4669,11.09601000,931382.08228690,0
2026-10-02 18:49:00+00:00,83986.58,84041.86,83986.58,84009.65,9.72518,2026-10-02 18:49:59.999000+00:00,817179.49762690,2721,3.61735000,303952.16827940,0
2026-10-02 18:50:00+00:00,84009.65,84042.04,84009.64,84038.01,10.64002,2026-10-02 18:50:59.999000+00:00,894098.44404890,1596,7.27325000,611171.06149900,0
2026-10-02 18:51:00+00:00,84038.01,84171.45,84028.96,84168.75,15.73944,2026-10-02 18:51:59.999000+00:00,1323773.95409890,3961,11.35659000,955028.62934100,0
2026-10-02 18:52:00+00:00,84168.75,84260.25,84167.38,84248.55,24.78724,2026-10-02 18:52:59.999000+00:00,2087352.24329710,4820,18.35169000,1545503.86863830,0
2026-10-02 18:53:00+00:00,84248.55,84249.5,84139.62,84182.19,23.6491,2026-10-02 18:53:59.999000+00:00,1991579.30086930,3639,11.87596000,1000124.83785240,0
2026-10-02 18:54:00+00:00,84182.19,84218.57,84176.13,84218.57,4.98299,2026-10-02 18:54:59.999000+00:00,419516.86080510,1342,4.56300000,384158.30396690,0
2026-10-02 18:55:00+00:00,84218.75,84223.6,84155.53,84185.14,7.50391,2026-10-02 18:55:59.999000+00:00,631824.26525080,2367,3.75147000,315863.75414860,0
2026-10-02 18:56:00+00:00,84185.13,84185.13,84158.0,84175.09,5.38116,2026-10-02 18:56:59.999000+00:00,452915.41419330,1358,2.23752000,188315.44302710,0
2026-10-02 18:57:00+00:00,84175.09,84285.65,84175.08,84244.02,18.04183,2026-10-02 18:57:59.999000+00:00,1519789.53325010,3051,13.57256000,1143181.06215580,0
2026-10-02 18:58:00+00:00,84244.02,84296.01,84244.01,84290.0,7.13356,2026-10-02 18:58:59.999000+00:00,601172.66099030,1832,5.47722000,461562.78210480,0
2026-10-02 18:59:00+00:00,84290.01,84290.01,84262.01,84262.01,3.95782,2026-10-02 18:59:59.999000+00:00,333554.33633500,1063,1.40864000,118712.84567570,0
2026-10-02 19:00:00+00:00,84262.01,84300.0,84256.48,84286.0,13.66046,2026-10-02 19:00:59.999000+00:00,1151365.53996670,2493,8.59535000,724436.21665360,0
2026-10-02 19:01:00+00:00,84286.0,84314.66,84285.99,84312.0,6.19226,2026-10-02 19:01:59.999000+00:00,522056.85705130,1505,4.26411000,359490.74749450,0
2026-10-02 19:02:00+00:00,84312.0,84315.44,84238.77,84242.34,16.77153,2026-10-02 19:02:59.999000+00:00,1413475.85977060,3303,5.80760000,489379.60291820,0
2026-10-02 19:03:00+00:00,84242.34,84250.02,84196.0,84238.26,9.72638,2026-10-02 19:03:59.999000+00:00,819259.68178840,3251,3.09438000,260625.99877920,0
2026-10-02 19:04:00+00:00,84238.27,84275.18,84238.26,84246.01,13.21848,2026-10-02 19:04:59.999000+00:00,1113807.73877520,2891,5.91109000,498052.28031680,0
2026-10-02 19:05:00+00:00,84246.0,84274.01,84238.59,84244.0,15.52715,2026-10-02 19:05:59.999000+00:00,1308267.76266680,2549,8.10217000,682662.98897290,0
2026-10-02 19:06:00+00:00,84244.01,84244.01,84192.01,84202.72,11.24739,2026-10-02 19:06:59.999000+00:00,947289.99622840,2213,2.83562000,238789.82475190,0
2026-10-02 19:07:00+00:00,84202.73,84202.73,84150.0,84178.01,14.9417,2026-10-02 19:07:59.999000+00:00,1257806.27976860,2161,8.13125000,684491.99564590,0
2026-10-02 19:08:00+00:00,84178.0,84183.71,84158.2,84171.95,15.23007,2026-10-02 19:08:59.999000+00:00,1281971.11836200,1676,9.09506000,765548.98624650,0
2026-10-02 19:09:00+00:00,84171.96,84171.96,84116.86,84122.78,16.66674,2026-10-02 19:09:59.999000+00:00,1402227.00839750,2270,8.56826000,720791.16722040,0
2026-10-02 19:10:00+00:00,84122.79,84145.24,84101.74,84115.5,10.24225,2026-10-02 19:10:59.999000+00:00,861692.09531270,1863,2.58219000,217231.81506850,0
2026-10-02 19:11:00+00:00,84115.5,84145.33,84100.0,84122.88,10.04188,2026-10-02 19:11:59.999000+00:00,844788.22481990,2084,3.57513000,300744.23424290,0
2026-10-02 19:12:00+00:00,84122.89,84122.89,84088.0,84089.84,15.3182,2026-10-02 19:12:59.999000+00:00,1288271.04087610,1961,3.20662000,269664.17809790,0
2026-10-02 19:13:00+00:00,84089.84,84171.58,84082.41,84171.58,16.64516,2026-10-02 19:13:59.999000+00:00,1400125.31105460,2183,11.64561000,979529.90098300,0
2026-10-02 19:14:00+00:00,84171.57,84171.58,84114.39,84129.76,10.2862,2026-10-02 19:14:59.999000+00:00,865493.38729320,2532,2.78449000,234252.33713260,0
2026-10-02 19:15:00+00:00,84129.76,84167.28,84080.18,84101.01,12.37674,2026-10-02 19:15:59.999000+00:00,1041258.11754060,2808,3.65398000,307393.70426150,0
2026-10-02 19:16:00+00:00,84101.01,84101.01,83975.58,84037.33,52.2303,2026-10-02 19:16:59.999000+00:00,4387734.80028050,3489,31.48662000,2644807.60166380,0
2026-10-02 19:17:00+00:00,84037.33,84084.01,83996.0,84009.64,16.7608,2026-10-02 19:17:59.999000+00:00,1408721.29930660,3059,4.96551000,417360.22662650,0
2026-10-02 19:18:00+00:00,84009.65,84090.01,83990.0,84090.01,6.66506,2026-10-02 19:18:59.999000+00:00,560119.63273530,2426,4.35901000,366356.12529450,0
2026-10-02 19:19:00+00:00,84090.01,84102.29,84051.25,84051.26,14.05087,2026-10-02 19:19:59.999000+00:00,1181441.15910880,2551,6.32020000,531429.49838360,0
2026-10-02 19:20:00+00:00,84051.26,84063.99,84004.65,84004.66,8.94086,2026-10-02 19:20:59.999000+00:00,751348.65977370,1958,2.91364000,244834.22930650,0
2026-10-02 19:21:00+00:00,84004.65,84045.0,84000.0,84025.52,14.89958,2026-10-02 19:21:59.999000+00:00,1251981.48974690,3316,9.08759000,763614.39669020,0
2026-10-02 19:22:00+00:00,84025.51,84076.7,84025.51,84070.93,50.30979,2026-10-02 19:22:59.999000+00:00,4228800.65286850,3048,43.34569000,3643445.86173960,0
2026-10-02 19:23:00+00:00,84070.94,84076.01,84028.0,84034.48,14.85557,2026-10-02 19:23:59.999000+00:00,1248532.77843190,1998,9.63427000,809622.02530320,0
2026-10-02 19:24:00+00:00,84034.49,84170.96,84034.48,84170.0,27.82793,2026-10-02 19:24:59.999000+00:00,2340217.99832720,3965,26.52854000,2230885.97594660,0
2026-10-02 19:25:00+00:00,84170.01,84188.01,84118.0,84122.01,13.79716,2026-10-02 19:25:59.999000+00:00,1161148.45880370,3012,4.62390000,389153.15730600,0
2026-10-02 19:26:00+00:00,84122.0,84162.74,84122.0,84126.01,10.10863,2026-10-02 19:26:59.999000+00:00,850641.22956450,1932,3.36769000,283384.60349830,0
2026-10-02 19:27:00+00:00,84126.01,84161.35,84106.19,84161.35,13.43074,2026-10-02 19:27:59.999000+00:00,1129853.73397140,2347,11.34076000,954022.47473180,0
2026-10-02 19:28:00+00:00,84161.34,84180.01,84153.84,84180.01,12.43151,2026-10-02 19:28:59.999000+00:00,1046293.43311680,1549,7.90500000,665306.74843850,0
2026-10-02 19:29:00+00:00,84180.01,84180.01,84122.23,84141.01,19.51193,2026-10-02 19:29:59.999000+00:00,1641919.40688850,2065,10.31395000,867818.23481990,0
2026-10-02 19:30:00+00:00,84141.01,84188.3,84140.01,84179.84,11.79082,2026-10-02 19:30:59.999000+00:00,992345.22957500,2114,5.33002000,448548.19223860,0
2026-10-02 19:31:00+00:00,84179.85,84186.55,84168.0,84176.0,6.78205,2026-10-02 19:31:59.999000+00:00,570893.98067790,1499,2.43392000,204874.23580690,0
2026-10-02 19:32:00+00:00,84176.0,84176.0,84120.0,84136.01,10.61631,2026-10-02 19:32:59.999000+00:00,893394.59633360,2247,4.43054000,372858.24049110,0
